Submission id,Participant id,Status,Started at,Completed at,Reviewed at,Archived at,Time taken,Completion code,Total approvals,Age,Sex,Ethnicity simplified,Country of birth,Country of residence,Nationality,Language,Student status,Employment status
648c1cf0e9ff4d7be0c2806d,5ea8d68a37c5173456c94f50,APPROVED,2023-06-16T08:27:33.836000Z,2023-06-16T08:41:58.207000Z,2023-06-16T08:41:58.717000,2023-06-16T08:41:58.657317Z,865,C14AO3VL,272,27,Female,Asian,United Kingdom,United Kingdom,United Kingdom,English,No,Full-Time
648c1dd0b0f6232e9ac866c9,63e5fdff7b61e61659be8eec,APPROVED,2023-06-16T08:37:59.764000Z,2023-06-16T09:19:35.895000Z,2023-06-16T09:19:36.518000,2023-06-16T09:19:36.419880Z,2497,C14AO3VL,80,19,Male,White,United Kingdom,United Kingdom,United Kingdom,English,DATA_EXPIRED,DATA_EXPIRED
648c1e0a7aeb306461af34c2,601f15c863401440ef711b68,APPROVED,2023-06-16T08:32:15.155000Z,2023-06-16T08:46:45.665000Z,2023-06-16T08:46:46.240000,2023-06-16T08:46:46.176231Z,871,C14AO3VL,522,38,Female,White,United Kingdom,United Kingdom,United Kingdom,English,DATA_EXPIRED,DATA_EXPIRED
648c1e3c10b0cf38cbb86548,5c79cc22f5b67c0012d5b9ed,APPROVED,2023-06-16T08:33:07.993000Z,2023-06-16T08:52:30.113000Z,2023-06-16T08:52:30.726000,2023-06-16T08:52:30.625891Z,1163,C14AO3VL,159,25,Female,White,Australia,Australia,Australia,English,DATA_EXPIRED,DATA_EXPIRED
648c1f21efb2cc2ca69cb8dd,5b7ffeeb05fbbd00016aa0bc,APPROVED,2023-06-16T08:36:49.328000Z,2023-06-16T08:49:53.378000Z,2023-06-16T08:49:54.136000,2023-06-16T08:49:54.034842Z,785,C14AO3VL,990,43,Female,White,United Kingdom,United Kingdom,United Kingdom,English,No,Other
648c1f4f63eecbc0db660178,5f30fff39031820144a7b83f,APPROVED,2023-06-16T08:37:40.579000Z,2023-06-16T08:50:49.965000Z,2023-06-16T08:50:50.744000,2023-06-16T08:50:50.616668Z,790,C14AO3VL,672,38,Male,White,United Kingdom,United Kingdom,United Kingdom,English,DATA_EXPIRED,DATA_EXPIRED
648c200d6d7bb7f3ecbcaf64,60977fd69248772da45d3bd3,APPROVED,2023-06-16T08:43:21.061000Z,2023-06-16T08:57:15.930000Z,2023-06-16T08:57:16.465000,2023-06-16T08:57:16.391256Z,835,C14AO3VL,90,41,Female,White,New Zealand,New Zealand,New Zealand,English,No,Full-Time
648c20b875b43b10d7de9a85,5a4e26a8f4c9dc0001b7a1b5,APPROVED,2023-06-16T08:43:41.592000Z,2023-06-16T12:53:25.811000Z,2023-06-16T12:53:26.645000Z,,14985,Manual Completion,931,39,Female,White,Ireland,United Kingdom,Ireland,English,No,Part-Time
648c20e91b6d5dba178b4546,6385d65534631eaaa70c6f33,APPROVED,2023-06-16T08:44:25.283000Z,2023-06-16T08:56:07.179000Z,2023-06-16T08:56:07.781000,2023-06-16T08:56:07.687190Z,702,C14AO3VL,72,39,Male,White,United Kingdom,United Kingdom,United Kingdom,English,DATA_EXPIRED,DATA_EXPIRED
648c212b9ff7421b1c49b6d7,631484e678fa2ffd8550a079,APPROVED,2023-06-16T08:45:38.496000Z,2023-06-16T08:58:05.003000Z,2023-06-16T08:58:05.738000,2023-06-16T08:58:05.665894Z,747,C14AO3VL,23,32,Male,White,United Kingdom,United Kingdom,United Kingdom,English,No,DATA_EXPIRED
648c2157508879d5ce660190,5d0792622c41d6000158022e,APPROVED,2023-06-16T08:53:52.291000Z,2023-06-16T09:07:47.563000Z,2023-06-16T09:07:48.298000,2023-06-16T09:07:48.232266Z,836,C14AO3VL,885,52,Female,Black,United Kingdom,United Kingdom,United Kingdom,English,No,Full-Time
648c21641151d426ae6e81dc,5fefa78a509c7eb209f4b47e,APPROVED,2023-06-16T08:46:31.123000Z,2023-06-16T09:03:43.607000Z,2023-06-16T09:03:44.173000,2023-06-16T09:03:44.102119Z,1033,C14AO3VL,988,40,Male,White,United Kingdom,United Kingdom,United Kingdom,English,No,Part-Time
648c228a748c9b980a6f7d31,6400caf68d8b75041e36f702,APPROVED,2023-06-16T08:51:28.714000Z,2023-06-16T09:34:24.188000Z,2023-06-16T09:34:24.877000,2023-06-16T09:34:24.822395Z,2576,C14AO3VL,219,42,Male,Black,United States,United States,United States,English,No,Full-Time
648c22e21dfcf273a9ba5343,5f4380bb7ca9ca5ca407fc04,APPROVED,2023-06-16T08:53:37.907000Z,2023-06-16T09:10:44.414000Z,2023-06-16T09:10:44.957000,2023-06-16T09:10:44.892737Z,1027,C14AO3VL,603,59,Female,Asian,Sri Lanka,United Kingdom,Sri Lanka,English,No,DATA_EXPIRED
648c234556eb7ef1096f7d75,5b6d79beb89e90000132c09b,REJECTED,2023-06-16T08:54:39.688000Z,2023-06-16T09:12:56.257000Z,2023-06-16T12:52:34.747000Z,2023-06-16T09:12:57.016000Z,1097,NOCODE,420,CONSENT_REVOKED,CONSENT_REVOKED,CONSENT_REVOKED,CONSENT_REVOKED,CONSENT_REVOKED,CONSENT_REVOKED,CONSENT_REVOKED,CONSENT_REVOKED,CONSENT_REVOKED
648c23bea4a08a2ba608233f,5ee454ad40c72e152991826e,APPROVED,2023-06-16T08:56:40.778000Z,2023-06-16T09:11:39.999000Z,2023-06-16T09:11:40.532000,2023-06-16T09:11:40.455129Z,900,C14AO3VL,661,50,Male,White,United States,New Zealand,United States,English,No,Full-Time
648c23c1dbb427aeb4272fe3,5c364ce2ba92810001db13e8,APPROVED,2023-06-16T08:56:39.697000Z,2023-06-16T09:09:53.269000Z,2023-06-16T09:09:56.305000,2023-06-16T09:09:56.264519Z,794,C14AO3VL,1441,-2,Male,White,United Kingdom,United Kingdom,United Kingdom,English,No,Part-Time
648c242714409f2a18f3c1cf,5c069c1566c9ab0001cd8625,APPROVED,2023-06-16T08:58:23.029000Z,2023-06-16T09:12:35.511000Z,2023-06-16T09:12:36.080000Z,2023-06-16T09:12:36.555784Z,853,C14AO3VL,205,42,Female,White,Australia,United Kingdom,United Kingdom,English,No,Part-Time
648c24ad1401e39c78ffece0,631f2effe49a1006c782c115,APPROVED,2023-06-16T09:00:34.624000Z,2023-06-16T09:14:40.558000Z,2023-06-16T09:14:41.130000,2023-06-16T09:14:41.050629Z,846,C14AO3VL,3,27,Female,Asian,India,United Kingdom,India,English,Yes,Full-Time
648c24c261920b22d081e170,614894e91052a368b434202c,APPROVED,2023-06-16T09:00:52.968000Z,2023-06-16T09:11:54.405000Z,2023-06-16T09:11:55.185000,2023-06-16T09:11:55.118753Z,662,C14AO3VL,589,35,Male,White,United Kingdom,United Kingdom,United Kingdom,English,DATA_EXPIRED,DATA_EXPIRED
648c24c41401e39c78ffece8,6122b9ffce05d8e56860755a,APPROVED,2023-06-16T09:00:52.420000Z,2023-06-16T09:16:36.557000Z,2023-06-16T09:16:37.443000,2023-06-16T09:16:37.413685Z,945,C14AO3VL,603,42,Female,White,United Kingdom,United Kingdom,United Kingdom,English,No,Part-Time
648c24dd4587e16daa082372,613a8fbbdb47cba39c6c246d,APPROVED,2023-06-16T09:01:52.826000Z,2023-06-16T09:17:59.894000Z,2023-06-16T09:18:08.182000Z,2023-06-16T09:18:16.681992Z,968,C14AO3VL,133,27,Female,White,United Kingdom,United Kingdom,United Kingdom,English,DATA_EXPIRED,DATA_EXPIRED
648c24e47023a2ee550d3549,5c871ab7de75d4001602869d,APPROVED,2023-06-16T09:01:28.645000Z,2023-06-16T09:21:29.391000Z,2023-06-16T09:21:30.018000,2023-06-16T09:21:29.929922Z,1201,C14AO3VL,1653,60,Male,White,United Kingdom,United Kingdom,United Kingdom,English,No,Full-Time
648c24fb9d023c2854029ea9,5b216d7dc33f820001a2e1ef,APPROVED,2023-06-16T09:01:52.298000Z,2023-06-16T09:13:35.101000Z,2023-06-16T09:13:36.038000,2023-06-16T09:13:35.968512Z,703,C14AO3VL,831,37,Male,White,United Kingdom,United Kingdom,United Kingdom,English,No,Full-Time
648c252124d9ec05e67f4b40,5b653f0e3662a8000158b83b,APPROVED,2023-06-16T09:02:30.267000Z,2023-06-16T09:13:42.703000Z,2023-06-16T09:13:43.183000,2023-06-16T09:13:43.199567Z,673,C14AO3VL,276,34,Female,White,United Kingdom,United Kingdom,United Kingdom,English,No,"Not in paid work (e.g. homemaker', 'retired or disabled)"
648c25724efedc79da9a6609,587a40cfd22a5800014c5ad1,APPROVED,2023-06-16T09:03:52.042000Z,2023-06-16T09:22:03.942000Z,2023-06-16T09:22:04.487000,2023-06-16T09:22:04.423724Z,1092,C14AO3VL,96,71,Female,White,United Kingdom,United Kingdom,United Kingdom,English,No,"Not in paid work (e.g. homemaker', 'retired or disabled)"
648c25d2ce69842972cd33ff,5e08ed25dc265f1e36179f52,APPROVED,2023-06-16T09:05:32.072000Z,2023-06-16T09:19:33.336000Z,2023-06-16T09:19:34.033000,2023-06-16T09:19:33.942149Z,842,C14AO3VL,14,31,Female,DATA_EXPIRED,United Kingdom,United Kingdom,United Kingdom,English,No,DATA_EXPIRED
648c25fdaab3345a5b81e151,5e07c976f6191f137214e91f,APPROVED,2023-06-16T09:06:21.489000Z,2023-06-16T09:53:24.789000Z,2023-06-16T09:53:25.424000,2023-06-16T09:53:25.348856Z,2824,C14AO3VL,1165,49,Female,White,United Kingdom,United Kingdom,United Kingdom,English,DATA_EXPIRED,DATA_EXPIRED
648c264aafb700720bc95c0d,56b88bf7e1d0a2000b145037,APPROVED,2023-06-16T09:07:31.514000Z,2023-06-16T09:21:46.675000Z,2023-06-16T09:21:47.337000,2023-06-16T09:21:47.275793Z,856,C14AO3VL,796,42,Female,White,United Kingdom,United Kingdom,United Kingdom,English,No,DATA_EXPIRED
648c266da98a3d7f79658821,5ebcb35ca857831117df7c04,APPROVED,2023-06-16T09:08:02.504000Z,2023-06-16T09:21:10.818000Z,2023-06-16T09:21:11.402000,2023-06-16T09:21:11.300784Z,789,C14AO3VL,492,24,Male,Asian,United Kingdom,United Kingdom,United Kingdom,English,DATA_EXPIRED,DATA_EXPIRED
648c26a06ed2ab2660ebfffd,5ecd22e76997ec03464c71aa,APPROVED,2023-06-16T09:08:53.017000Z,2023-06-16T09:23:25.348000Z,2023-06-16T09:23:26.670000,2023-06-16T09:23:26.579083Z,873,C14AO3VL,1413,57,Male,White,United Kingdom,United Kingdom,United Kingdom,English,No,DATA_EXPIRED
648c26c93099256ddf71ff5d,5d03d07ff00f5100014d1204,APPROVED,2023-06-16T09:09:29.117000Z,2023-06-16T09:23:04.910000Z,2023-06-16T09:23:05.531000,2023-06-16T09:23:05.470740Z,816,C14AO3VL,1012,27,Female,White,United Kingdom,United Kingdom,United Kingdom,English,DATA_EXPIRED,DATA_EXPIRED
648c26cea1c8fe4ea9382366,5b6dbc7d3c02310001e8eb1f,APPROVED,2023-06-16T09:09:43.127000Z,2023-06-16T09:21:51.589000Z,2023-06-16T09:21:52.102000,2023-06-16T09:21:52.038115Z,729,C14AO3VL,317,29,Female,White,United Kingdom,United Kingdom,United Kingdom,English,Yes,DATA_EXPIRED
648c26ea89b2b00bb860dc26,57754d57ca706f000190eaf1,APPROVED,2023-06-16T09:10:06.872000Z,2023-06-16T09:22:03.552000Z,2023-06-16T09:22:04.146000,2023-06-16T09:22:04.067895Z,717,C14AO3VL,2609,38,Male,Asian,United Kingdom,United Kingdom,United Kingdom,English,DATA_EXPIRED,DATA_EXPIRED
648c26fe140a8232a36f44f8,5f61ba7cfdaccd165da6985b,APPROVED,2023-06-16T09:10:22.192000Z,2023-06-16T09:33:11.903000Z,2023-06-16T09:33:12.479000,2023-06-16T09:33:12.419894Z,1370,C14AO3VL,565,45,Male,Asian,New Zealand,New Zealand,New Zealand,English,DATA_EXPIRED,DATA_EXPIRED
648c272e5d355142bb48a6b6,63d14e0eb3f244e8d5f88f48,APPROVED,2023-06-16T09:11:31.934000Z,2023-06-16T09:56:49.139000Z,2023-06-16T09:56:52.359000,2023-06-16T09:56:52.291121Z,2718,C14AO3VL,442,29,Male,Black,Nigeria,United States,Nigeria,English,Yes,Full-Time
648c2752db9b1ae09d272fde,648174282bcdf5119b9105ca,APPROVED,2023-06-16T09:12:07.740000Z,2023-06-16T09:26:17.073000Z,2023-06-16T09:26:17.723000,2023-06-16T09:26:17.631612Z,850,C14AO3VL,5,55,Female,White,United Kingdom,United Kingdom,United Kingdom,English,No,DATA_EXPIRED
648c275a4ef28794bdebffde,59de02265de9b000017ec12e,APPROVED,2023-06-16T09:11:59.765000Z,2023-06-16T09:26:15.074000Z,2023-06-16T09:26:15.803000,2023-06-16T09:26:15.734885Z,856,C14AO3VL,113,55,Female,White,United Kingdom,United Kingdom,United Kingdom,English,DATA_EXPIRED,DATA_EXPIRED
648c279fd19de1472c60dc3e,60c9b0886e03c28f26d97b19,APPROVED,2023-06-16T09:13:07.048000Z,2023-06-16T09:25:27.187000Z,2023-06-16T09:25:27.774000,2023-06-16T09:25:27.693666Z,741,C14AO3VL,521,37,Female,White,United Kingdom,United Kingdom,United Kingdom,English,No,DATA_EXPIRED
648c27b549a979de799a65ca,5e37f48dfbcc9d75be926c70,APPROVED,2023-06-16T09:13:30.213000Z,2023-06-16T09:28:03.440000Z,2023-06-16T09:28:04.197000,2023-06-16T09:28:04.134957Z,874,C14AO3VL,245,42,Male,White,United Kingdom,United Kingdom,United Kingdom,English,Yes,DATA_EXPIRED
648c27bda19421dc6e79ca45,5ea0627f31802801d5675c08,APPROVED,2023-06-16T09:13:33.936000Z,2023-06-16T09:28:21.173000Z,2023-06-16T09:28:21.848000,2023-06-16T09:28:21.776760Z,888,C14AO3VL,1413,64,Male,White,United Kingdom,United Kingdom,United Kingdom,English,No,"Not in paid work (e.g. homemaker', 'retired or disabled)"
648c27bff0f5ac538b5a92ed,5dac7eaa59f37100128372d5,APPROVED,2023-06-16T09:13:58.289000Z,2023-06-16T09:29:25.016000Z,2023-06-16T09:29:25.595000,2023-06-16T09:29:25.531104Z,927,C14AO3VL,1064,58,Female,White,United Kingdom,United Kingdom,United Kingdom,English,DATA_EXPIRED,"Not in paid work (e.g. homemaker', 'retired or disabled)"
648c27d1bad7dba45493adc8,5cc82b9ea8367900164d8775,APPROVED,2023-06-16T09:14:00.639000Z,2023-06-16T09:28:27.671000Z,2023-06-16T12:11:11.266000,2023-06-16T09:28:28.134908Z,868,NOCODE,974,46,Female,White,United Kingdom,United Kingdom,United Kingdom,English,No,"Not in paid work (e.g. homemaker', 'retired or disabled)"
648c27e58a4aa818345a92cf,613cb18edb7eb18d77d8d1e1,APPROVED,2023-06-16T09:14:15.424000Z,2023-06-16T09:27:24.692000Z,2023-06-16T09:27:25.264000,2023-06-16T09:27:25.202369Z,790,C14AO3VL,251,21,Male,White,United Kingdom,United Kingdom,United Kingdom,English,Yes,Unemployed (and job seeking)
648c27edb177aadeddcdd4c7,5770de783ac68100019d77af,APPROVED,2023-06-16T09:14:24.456000Z,2023-06-16T09:26:17.068000Z,2023-06-16T09:26:19.182000,2023-06-16T09:26:19.112946Z,713,C14AO3VL,307,31,Male,White,Australia,Australia,Australia,English,No,"Not in paid work (e.g. homemaker', 'retired or disabled)"
648c2803f0992f1a54fa0704,6393da4dd62a68bec4f4661c,APPROVED,2023-06-16T09:14:49.745000Z,2023-06-16T09:32:33.081000Z,2023-06-16T09:32:33.848000,2023-06-16T09:32:33.767794Z,1064,C14AO3VL,103,30,Female,White,Australia,Australia,Australia,English,No,"Not in paid work (e.g. homemaker', 'retired or disabled)"
648c28337d89b10ebf0d3553,63e529b9c964037317069e6e,APPROVED,2023-06-16T09:15:35.155000Z,2023-06-16T09:27:28.384000Z,2023-06-16T09:27:28.977000,2023-06-16T09:27:28.901227Z,714,C14AO3VL,137,29,Male,White,United Kingdom,United Kingdom,United Kingdom,English,No,Full-Time
648c283a6b69c4805f575992,5cc9c62a55b70600013702d3,APPROVED,2023-06-16T09:15:40.299000Z,2023-06-16T09:27:13.076000Z,2023-06-16T09:27:13.894000,2023-06-16T09:27:13.821002Z,693,C14AO3VL,594,22,Female,White,United Kingdom,United Kingdom,United Kingdom,English,DATA_EXPIRED,Full-Time
648c285a10c5fe9b349f6227,5eac3dc896a6242689110c31,APPROVED,2023-06-16T09:16:15.809000Z,2023-06-16T09:31:03.428000Z,2023-06-16T09:31:03.946000,2023-06-16T09:31:03.882242Z,888,C14AO3VL,1287,24,Female,White,United Kingdom,United Kingdom,United Kingdom,English,No,Full-Time
648c288f42a8ae79bdc95c05,606a4f1c6e098bf633fd64db,APPROVED,2023-06-16T09:17:33.666000Z,2023-06-16T09:33:34.396000Z,2023-06-16T09:33:34.914000,2023-06-16T09:33:34.850935Z,961,C14AO3VL,182,29,Female,White,United Kingdom,United Kingdom,United Kingdom,English,No,Part-Time
648c28a59ad4fd71c7dbc858,5d410f4d037fb000173a2832,APPROVED,2023-06-16T09:17:31.895000Z,2023-06-16T09:30:54.310000Z,2023-06-16T09:30:55.277000,2023-06-16T09:30:55.209880Z,803,C14AO3VL,705,47,Male,White,United Kingdom,New Zealand,United Kingdom,English,No,Full-Time
648c28daead8660315f52224,5a0c036857cee70001767a58,APPROVED,2023-06-16T09:18:18.849000Z,2023-06-16T09:31:33.150000Z,2023-06-16T09:31:33.664000,2023-06-16T09:31:33.599319Z,795,C14AO3VL,2048,53,Female,White,United Kingdom,United Kingdom,United Kingdom,English,No,"Not in paid work (e.g. homemaker', 'retired or disabled)"
648c28eb2b821a9fc14a8df8,636928ef51cdaf360bebba1e,APPROVED,2023-06-16T09:18:40.017000Z,2023-06-16T09:31:44.903000Z,2023-06-16T09:31:45.529000,2023-06-16T09:31:45.434087Z,785,C14AO3VL,276,49,Male,White,United Kingdom,United Kingdom,United Kingdom,English,No,"Not in paid work (e.g. homemaker', 'retired or disabled)"
648c28fe4326bcdd5c9f6225,5ec2720ae69a920447fa71a4,APPROVED,2023-06-16T09:20:18.409000Z,2023-06-16T09:35:22.316000Z,2023-06-16T09:35:22.911000,2023-06-16T09:35:22.853260Z,904,C14AO3VL,430,40,Female,White,Australia,Australia,Australia,English,DATA_EXPIRED,DATA_EXPIRED
648c29050a0c4527334d17e7,6368e3f48413ec73f1962b8a,APPROVED,2023-06-16T09:19:03.824000Z,2023-06-16T09:30:46.549000Z,2023-06-16T09:30:47.187000,2023-06-16T09:30:47.120149Z,703,C14AO3VL,65,28,Male,White,United Kingdom,United Kingdom,United Kingdom,English,No,Unemployed (and job seeking)
648c29072b821a9fc14a8e06,62e1299fbc5a42cf215cc75d,APPROVED,2023-06-16T09:19:06.245000Z,2023-06-16T09:30:56.273000Z,2023-06-16T09:30:56.815000,2023-06-16T09:30:56.726924Z,711,C14AO3VL,201,24,Male,White,United Kingdom,United Kingdom,United Kingdom,English,DATA_EXPIRED,DATA_EXPIRED
648c290bca026ce5bc9a65b1,5e71ab071b6e9c0d4c356574,APPROVED,2023-06-16T09:19:07.365000Z,2023-06-16T09:35:01.706000Z,2023-06-16T09:35:02.256000,2023-06-16T09:35:02.183739Z,955,C14AO3VL,647,66,Female,White,Netherlands,Australia,Netherlands,English,No,Unemployed (and job seeking)
648c2951cb1d415367029e9a,603758e41c4468b882a74700,APPROVED,2023-06-16T09:21:34.693000Z,2023-06-16T09:35:55.533000Z,2023-06-16T09:35:56.123000,2023-06-16T09:35:56.056439Z,861,C14AO3VL,592,40,Female,White,United Kingdom,United Kingdom,United Kingdom,English,DATA_EXPIRED,DATA_EXPIRED
648c29a696b470ec869a6600,60575f42c2d3d51a122da250,APPROVED,2023-06-16T09:21:47.594000Z,2023-06-16T09:33:56.614000Z,2023-06-16T09:33:57.161000,2023-06-16T09:33:57.098979Z,730,C14AO3VL,324,23,Male,White,United Kingdom,United Kingdom,United Kingdom,English,No,Unemployed (and job seeking)
648c29be11badfc4bb0088d4,5aa8ebf089de8200013f8c48,APPROVED,2023-06-16T09:22:06.779000Z,2023-06-16T09:35:47.958000Z,2023-06-16T09:35:48.555000,2023-06-16T09:35:48.490634Z,822,C14AO3VL,1539,38,Male,White,Canada,Canada,Canada,English,No,Full-Time
648c29c6732cf0ffd079ca59,63beebaa4c5884797ff00a98,APPROVED,2023-06-16T09:22:14.069000Z,2023-06-16T09:40:41.717000Z,2023-06-16T09:40:42.265000,2023-06-16T09:40:42.196382Z,1108,C14AO3VL,236,72,Female,White,United Kingdom,United Kingdom,United Kingdom,English,No,"Not in paid work (e.g. homemaker', 'retired or disabled)"
648c29cc9f332fb7796f44d1,5a9e9fc46219a30001f54994,APPROVED,2023-06-16T09:22:26.572000Z,2023-06-16T09:35:23.335000Z,2023-06-16T09:35:23.897000,2023-06-16T09:35:23.815805Z,777,C14AO3VL,1747,65,Male,White,United Kingdom,United Kingdom,United Kingdom,English,No,"Not in paid work (e.g. homemaker', 'retired or disabled)"
648c29d1e045f2b85fe02be3,5ba44c47e671c6000123b4f3,APPROVED,2023-06-16T09:22:28.926000Z,2023-06-16T09:34:38.660000Z,2023-06-16T09:34:39.323000,2023-06-16T09:34:39.250700Z,730,C14AO3VL,43,23,Male,White,United Kingdom,United Kingdom,United Kingdom,English,No,Full-Time
648c2a089ad4fd71c7dbc8b4,644033d42bdd7e1f439f4d64,APPROVED,2023-06-16T09:24:56.260000Z,2023-06-16T09:36:45.230000Z,2023-06-16T09:36:45.861000,2023-06-16T09:36:45.789235Z,709,C14AO3VL,55,26,Female,White,United Kingdom,Australia,United Kingdom,English,No,Unemployed (and job seeking)
648c2a17ffcbbc36c40d355e,5ef0a10e3867d33b6bb063bc,APPROVED,2023-06-16T09:23:39.659000Z,2023-06-16T09:36:09.866000Z,2023-06-16T09:36:10.419000,2023-06-16T09:36:10.354061Z,751,C14AO3VL,703,51,Male,White,United Kingdom,United Kingdom,United Kingdom,English,No,DATA_EXPIRED
648c2a39daa10c24d31e946c,5d7de72016b0a00001c36af3,APPROVED,2023-06-16T09:24:13.420000Z,2023-06-16T09:36:53.386000Z,2023-06-16T09:36:53.992000,2023-06-16T09:36:53.928962Z,760,C14AO3VL,174,27,Female,White,New Zealand,New Zealand,New Zealand,English,No,DATA_EXPIRED
648c2a593c72ede232f5222c,59609bdb599b690001ef2c59,APPROVED,2023-06-16T09:25:07.936000Z,2023-06-16T09:45:23.981000Z,2023-06-16T09:45:24.656000,2023-06-16T09:45:24.555855Z,1217,C14AO3VL,1249,72,Male,White,United Kingdom,New Zealand,United Kingdom,English,No,"Not in paid work (e.g. homemaker', 'retired or disabled)"
648c2a5e274e8aa7cf81e1af,63f6262642c9fc5e3c002287,APPROVED,2023-06-16T09:24:49.985000Z,2023-06-16T09:38:29.467000Z,2023-06-16T09:38:30.624000,2023-06-16T09:38:30.538253Z,820,C14AO3VL,90,51,Female,White,Canada,United Kingdom,Canada,English,No,DATA_EXPIRED
648c2a61ea92e17822e3f573,6136001fcd0e07e6f5f66bc1,APPROVED,2023-06-16T09:25:07.868000Z,2023-06-16T09:47:57.451000Z,2023-06-16T09:47:58.090000,2023-06-16T09:47:57.986659Z,1370,C14AO3VL,1077,24,Female,White,United Kingdom,United Kingdom,United Kingdom,English,Yes,Due to start a new job within the next month
648c2a6ba162adaaa9b9cbb8,62d136262c6a9f949e50eb59,APPROVED,2023-06-16T09:25:27.146000Z,2023-06-16T09:37:27.247000Z,2023-06-16T09:37:28.532000,2023-06-16T09:37:28.452915Z,721,C14AO3VL,291,28,Male,White,United Kingdom,United Kingdom,United Kingdom,English,No,Full-Time
648c2a702f5444a78fd167fd,5b704c7f4ee52200010f68b0,APPROVED,2023-06-16T09:25:08.355000Z,2023-06-16T09:41:11.661000Z,2023-06-16T09:41:15.339000,2023-06-16T09:41:12.182198Z,964,C14AO3VL,1408,54,Female,White,United Kingdom,United Kingdom,United Kingdom,English,No,Full-Time
648c2a7d24ab381f406f44bc,611b750d4bb9b61a0400fd61,APPROVED,2023-06-16T09:25:22.898000Z,2023-06-16T09:38:33.189000Z,2023-06-16T09:38:33.910000,2023-06-16T09:38:33.839440Z,791,C14AO3VL,127,34,Male,Mixed,United Kingdom,United Kingdom,United Kingdom,English,DATA_EXPIRED,DATA_EXPIRED
648c2a837cd778d8783818e6,60d9f1f5e766b5f3eb00a7c4,APPROVED,2023-06-16T09:25:27.759000Z,2023-06-16T09:41:04.014000Z,2023-06-16T09:41:04.901000,2023-06-16T09:41:04.819556Z,937,C14AO3VL,370,27,Female,White,United Kingdom,United Kingdom,United Kingdom,English,No,Full-Time
648c2a850dc100e9e07f4b18,63d73625a0528cd8c9f001d6,APPROVED,2023-06-16T09:25:37.295000Z,2023-06-16T09:40:37.932000Z,2023-06-16T09:40:38.551000,2023-06-16T09:40:38.479012Z,901,C14AO3VL,50,61,Male,White,Australia,Australia,Australia,English,No,Part-Time
648c2a989f332fb7796f450b,64747a8c5534905fb3f93e39,APPROVED,2023-06-16T09:26:59.384000Z,2023-06-16T09:40:43.052000Z,2023-06-16T09:40:43.606000,2023-06-16T09:40:43.537824Z,824,C14AO3VL,16,27,Male,White,Australia,Australia,Australia,English,No,Full-Time
648c2ac7afca07a9c18949f9,5dd6280e238a915cda514060,APPROVED,2023-06-16T09:26:31.463000Z,2023-06-16T09:41:12.278000Z,2023-06-16T09:41:17.825000,2023-06-16T09:41:12.722983Z,881,C14AO3VL,602,27,Female,Black,United Kingdom,United Kingdom,United Kingdom,English,No,Full-Time
648c2ac89d013ee1d55cb68f,5e363914b3f2835e3ae5cc62,APPROVED,2023-06-16T09:26:38.191000Z,2023-06-16T09:40:05.533000Z,2023-06-16T09:40:06.141000,2023-06-16T09:40:06.072768Z,808,C14AO3VL,539,34,Female,Black,United States,United States,United States,English,DATA_EXPIRED,DATA_EXPIRED
648c2af5bd81062a7727301e,6235d96c087939dba5586d97,APPROVED,2023-06-16T09:28:05.922000Z,2023-06-16T09:41:29.004000Z,2023-06-16T09:41:29.756000,2023-06-16T09:41:29.688427Z,804,C14AO3VL,648,61,Male,White,United Kingdom,United Kingdom,United Kingdom,English,No,"Not in paid work (e.g. homemaker', 'retired or disabled)"
648c2af7dbf466a5cc05b550,563e35190980220011572d9a,APPROVED,2023-06-16T09:27:27.449000Z,2023-06-16T09:44:26.849000Z,2023-06-16T09:44:27.607000,2023-06-16T09:44:27.547444Z,1020,C14AO3VL,1327,29,Female,White,United Kingdom,United Kingdom,United Kingdom,English,DATA_EXPIRED,DATA_EXPIRED
648c2b1d7898758fcd768f2a,5d5320870c2a6a0001cc6c7a,APPROVED,2023-06-16T09:28:01.372000Z,2023-06-16T09:44:10.640000Z,2023-06-16T09:44:11.195000,2023-06-16T09:44:11.131457Z,970,C14AO3VL,869,48,Female,White,United Kingdom,United Kingdom,United Kingdom,English,No,Part-Time
648c2b3642d6bdb895343c42,60d1c82e42c14a1bfe66293c,APPROVED,2023-06-16T09:28:28.415000Z,2023-06-16T09:43:22.228000Z,2023-06-16T09:43:23.234000,2023-06-16T09:43:23.151894Z,894,C14AO3VL,300,32,Female,White,United Kingdom,United Kingdom,United Kingdom,English,No,DATA_EXPIRED
648c2b38969646dc0df52225,5b8a709614e8c6000104eafa,APPROVED,2023-06-16T09:28:28.595000Z,2023-06-16T09:43:23.825000Z,2023-06-16T09:43:24.349000,2023-06-16T09:43:24.286127Z,896,C14AO3VL,1267,52,Male,White,United Kingdom,United Kingdom,United Kingdom,English,No,Part-Time
648c2b3d2523dfb1cb1e944b,5e3d2ab94aebac111b5f6cd2,APPROVED,2023-06-16T09:28:34.808000Z,2023-06-16T09:42:45.194000Z,2023-06-16T09:42:45.800000,2023-06-16T09:42:45.721292Z,851,C14AO3VL,1348,60,Male,White,United Kingdom,United Kingdom,United Kingdom,English,No,Part-Time
648c2b45a09baeb12e4a8dd6,63d3fada47de3a294210f997,APPROVED,2023-06-16T09:28:42.780000Z,2023-06-16T09:41:42.650000Z,2023-06-16T09:41:43.835000,2023-06-16T09:41:43.768455Z,780,C14AO3VL,58,34,Female,White,United Kingdom,United Kingdom,United Kingdom,English,No,Full-Time
648c2b661ac168dc8c3818f4,5c345ebad4f77a0001a91ec0,APPROVED,2023-06-16T09:29:25.567000Z,2023-06-16T10:28:11.343000Z,2023-06-16T10:28:12.207000,2023-06-16T10:28:12.110728Z,3526,C14AO3VL,1617,54,Male,White,United Kingdom,United Kingdom,United Kingdom,English,No,Full-Time
648c2b6770e2d01500b583e2,59e675a6c0d35a00012951ce,APPROVED,2023-06-16T09:29:22.949000Z,2023-06-16T09:43:39.353000Z,2023-06-16T09:43:40.140000,2023-06-16T09:43:40.071075Z,857,C14AO3VL,1053,48,Female,White,United Kingdom,United Kingdom,United Kingdom,English,DATA_EXPIRED,DATA_EXPIRED
648c2b6af1f5c747b2e02bba,5b61d0768de04c000171cf1b,APPROVED,2023-06-16T09:29:22.327000Z,2023-06-16T09:43:51.023000Z,2023-06-16T09:43:51.601000,2023-06-16T09:43:51.524874Z,869,C14AO3VL,1190,35,Female,White,United Kingdom,United Kingdom,United Kingdom,English,No,Full-Time
648c2b77909a5cd2850d3501,6149a2480ec7bd14c9fe92a5,APPROVED,2023-06-16T09:29:43.371000Z,2023-06-16T09:45:07.299000Z,2023-06-16T09:45:07.878000,2023-06-16T09:45:07.804614Z,924,C14AO3VL,303,40,Female,White,United Kingdom,United Kingdom,United Kingdom,English,No,Part-Time
648c2b96b6596fd2b49a65ec,5e37280e334b216bade0226a,APPROVED,2023-06-16T09:32:32.721000Z,2023-06-16T09:44:27.229000Z,2023-06-16T09:44:27.903000,2023-06-16T09:44:27.832986Z,715,C14AO3VL,168,30,Female,White,United Kingdom,United Kingdom,United Kingdom,English,No,Unemployed (and job seeking)
648c2c97eb8cbaba44273015,6394001067969f8eeb01fc37,APPROVED,2023-06-16T09:34:15.709000Z,2023-06-16T09:47:08.175000Z,2023-06-16T09:47:08.746000,2023-06-16T09:47:08.680761Z,773,C14AO3VL,95,20,Male,Asian,Malaysia,Australia,Australia,English,DATA_EXPIRED,DATA_EXPIRED
648c2e702254283c976683e5,57a2319b4d107800016ddccc,APPROVED,2023-06-16T09:42:14.762000Z,2023-06-16T09:54:21.511000Z,2023-06-16T09:54:22.234000,2023-06-16T09:54:22.169601Z,727,C14AO3VL,665,37,Female,White,United Kingdom,United Kingdom,United Kingdom,English,DATA_EXPIRED,DATA_EXPIRED
648c2ea23b3ac2184e23605a,5e3a9e0dfbce8a296258c297,APPROVED,2023-06-16T09:43:41.916000Z,2023-06-16T09:56:49.705000Z,2023-06-16T09:56:50.273000,2023-06-16T09:56:50.200566Z,788,C14AO3VL,1091,41,Female,White,United Kingdom,United Kingdom,United Kingdom,English,No,Full-Time
648c32aeb3a5e0577dac90b7,62b39c0ea0a9909088d4270f,APPROVED,2023-06-16T10:00:18.535000Z,2023-06-16T10:12:36.901000Z,2023-06-16T10:12:37.516000,2023-06-16T10:12:37.433913Z,739,C14AO3VL,247,50,Female,White,United Kingdom,United Kingdom,United Kingdom,English,No,DATA_EXPIRED
648c368e9779da6e6d649078,609cd482af38301896f8a663,APPROVED,2023-06-16T10:16:51.218000Z,2023-06-16T10:30:02.877000Z,2023-06-16T10:30:03.431000,2023-06-16T10:30:03.363113Z,792,C14AO3VL,9,38,Male,White,United Kingdom,United Kingdom,United Kingdom,English,No,Full-Time
648c3872401c0052710bd430,5c895c66f76b260001681aeb,APPROVED,2023-06-16T10:26:16.361000Z,2023-06-16T10:41:30.992000Z,2023-06-16T10:41:31.549000,2023-06-16T10:41:31.483452Z,915,C14AO3VL,353,38,Female,Mixed,Pakistan,United Kingdom,United Kingdom,English,No,DATA_EXPIRED
648c38d25b7eb53d2ae9dfbf,5acd63a20527ba0001c28078,REJECTED,2023-06-16T10:26:55.048000Z,2023-06-16T10:30:19.224000Z,2023-06-16T12:53:17.879000Z,2023-06-16T10:30:20.319000Z,205,NOCODE,1064,CONSENT_REVOKED,CONSENT_REVOKED,CONSENT_REVOKED,CONSENT_REVOKED,CONSENT_REVOKED,CONSENT_REVOKED,CONSENT_REVOKED,CONSENT_REVOKED,CONSENT_REVOKED
648c3b7c9be10073009a9d36,60ce2b232de6361586396297,REJECTED,2023-06-16T10:40:13.701000Z,2023-06-16T10:41:46.876000Z,2023-06-16T12:53:10.174000Z,2023-06-16T10:41:47.579000Z,94,NOCODE,219,CONSENT_REVOKED,CONSENT_REVOKED,CONSENT_REVOKED,CONSENT_REVOKED,CONSENT_REVOKED,CONSENT_REVOKED,CONSENT_REVOKED,CONSENT_REVOKED,CONSENT_REVOKED
648c3ce208b42db45cf0dccd,5dcff490b043890effa91b55,REJECTED,2023-06-16T10:43:49.823000Z,2023-06-16T10:47:20.904000Z,2023-06-16T12:53:01.266000Z,2023-06-16T10:47:21.777000Z,212,NOCODE,830,CONSENT_REVOKED,CONSENT_REVOKED,CONSENT_REVOKED,CONSENT_REVOKED,CONSENT_REVOKED,CONSENT_REVOKED,CONSENT_REVOKED,CONSENT_REVOKED,CONSENT_REVOKED
648c3ec915fcce41904d2777,5c50efd2cc71f4000125ce0d,REJECTED,2023-06-16T10:52:20.877000Z,2023-06-16T11:00:01.827000Z,2023-06-16T12:52:50.511000Z,2023-06-16T11:00:02.633000Z,461,NOCODE,1150,CONSENT_REVOKED,CONSENT_REVOKED,CONSENT_REVOKED,CONSENT_REVOKED,CONSENT_REVOKED,CONSENT_REVOKED,CONSENT_REVOKED,CONSENT_REVOKED,CONSENT_REVOKED
648c40ace6772a13fb526199,60fd274decb79fba37f2e72e,REJECTED,2023-06-16T11:00:58.949000Z,2023-06-16T11:05:15.684000Z,2023-06-16T12:52:43.185000Z,2023-06-16T11:05:16.535000Z,257,NOCODE,227,CONSENT_REVOKED,CONSENT_REVOKED,CONSENT_REVOKED,CONSENT_REVOKED,CONSENT_REVOKED,CONSENT_REVOKED,CONSENT_REVOKED,CONSENT_REVOKED,CONSENT_REVOKED
648c4148f9037218b58b6701,63d2b22da2bc79f659e4a4a7,REJECTED,2023-06-16T11:02:42.101000Z,2023-06-16T11:06:20.502000Z,2023-06-16T12:52:03.498000Z,2023-06-16T11:06:21.505000Z,219,NOCODE,247,CONSENT_REVOKED,CONSENT_REVOKED,CONSENT_REVOKED,CONSENT_REVOKED,CONSENT_REVOKED,CONSENT_REVOKED,CONSENT_REVOKED,CONSENT_REVOKED,CONSENT_REVOKED
648c5ba099fd90d943e699ca,611578fe8cbea39bf4928b6d,APPROVED,2023-06-16T12:54:59.336000Z,2023-06-16T13:19:37.429000Z,2023-06-16T13:19:40.130000,2023-06-16T13:19:40.059929Z,1479,C14AO3VL,1596,61,Male,White,United Kingdom,United Kingdom,United Kingdom,English,No,Full-Time
648c5ba136ef4b9257de2892,5ffcd1eacfbe9e161495d884,APPROVED,2023-06-16T12:55:00.733000Z,2023-06-16T13:08:02.890000Z,2023-06-16T13:08:03.461000,2023-06-16T13:08:03.391665Z,783,C14AO3VL,1342,42,Male,White,United Kingdom,United Kingdom,United Kingdom,English,Yes,Full-Time
648c5ba1500ec652d4c5ea9a,5e625e452a6dce000bf8f7a7,APPROVED,2023-06-16T12:55:04.084000Z,2023-06-16T13:07:55.863000Z,2023-06-16T13:07:56.537000,2023-06-16T13:07:56.459307Z,772,C14AO3VL,376,25,Female,White,United Kingdom,United Kingdom,United Kingdom,English,No,Full-Time
648c5ba19d667047e1023974,63dcf52406a122c6bdcd054c,APPROVED,2023-06-16T12:55:02.021000Z,2023-06-16T13:13:02.721000Z,2023-06-16T13:13:03.345000,2023-06-16T13:13:03.261848Z,1081,C14AO3VL,243,54,Male,White,United Kingdom,United Kingdom,United Kingdom,English,No,Part-Time
648c5ba28b6bf9e48667f084,63ebd39a63bb79b50d438ab7,APPROVED,2023-06-16T12:54:58.175000Z,2023-06-16T13:10:16.835000Z,2023-06-16T13:10:23.832000,2023-06-16T13:10:23.770724Z,919,C14AO3VL,250,26,Male,White,United Kingdom,United Kingdom,United Kingdom,English,No,Full-Time
648c5f65127f6b39cc4871b3,61fa936e5719bc09cb834cbe,APPROVED,2023-06-16T13:11:06.419000Z,2023-06-16T13:24:29.369000Z,2023-06-16T13:24:30.159000,2023-06-16T13:24:30.103986Z,803,C14AO3VL,653,28,Female,White,United Kingdom,United Kingdom,United Kingdom,English,No,Full-Time
