StartDate,EndDate,Status,IPAddress,Progress,Duration (in seconds),Finished,RecordedDate,ResponseId,RecipientLastName,RecipientFirstName,RecipientEmail,ExternalReference,LocationLatitude,LocationLongitude,DistributionChannel,UserLanguage,Q11_Browser,Q11_Version,Q11_Operating System,Q11_Resolution,Q13,Q12,Q1,Q3,Q5,Q5_1_TEXT,Q6_1,Q6_2,Q6_3,Q6_4,Q6_5,Q7,Q7_1_TEXT,PROLIFIC_PID
Start Date,End Date,Response Type,IP Address,Progress,Duration (in seconds),Finished,Recorded Date,Response ID,Recipient Last Name,Recipient First Name,Recipient Email,External Data Reference,Location Latitude,Location Longitude,Distribution Channel,User Language,Click to write the question text - Browser,Click to write the question text - Version,Click to write the question text - Operating System,Click to write the question text - Resolution,Do you consent to taking part in this study?,"What is your Prolific ID

This response should auto-fill with your ID, but please check whether it is correctly filled.",Gender,Age,How many languages do you speak with native-like fluency? - Selected Choice,How many languages do you speak with native-like fluency? - One (please name the language) - Text,Please name all of your native languages. - Language 1,Please name all of your native languages. - Language 2,Please name all of your native languages. - Language 3,Please name all of your native languages. - Language 4,Please name all of your native languages. - Language 5,Do you learn any other language(s)? - Selected Choice,Do you learn any other language(s)? - Yes (please list them below) - Text,PROLIFIC_PID
"{""ImportId"":""startDate"",""timeZone"":""America/Denver""}","{""ImportId"":""endDate"",""timeZone"":""America/Denver""}","{""ImportId"":""status""}","{""ImportId"":""ipAddress""}","{""ImportId"":""progress""}","{""ImportId"":""duration""}","{""ImportId"":""finished""}","{""ImportId"":""recordedDate"",""timeZone"":""America/Denver""}","{""ImportId"":""_recordId""}","{""ImportId"":""recipientLastName""}","{""ImportId"":""recipientFirstName""}","{""ImportId"":""recipientEmail""}","{""ImportId"":""externalDataReference""}","{""ImportId"":""locationLatitude""}","{""ImportId"":""locationLongitude""}","{""ImportId"":""distributionChannel""}","{""ImportId"":""userLanguage""}","{""ImportId"":""QID11_BROWSER""}","{""ImportId"":""QID11_VERSION""}","{""ImportId"":""QID11_OS""}","{""ImportId"":""QID11_RESOLUTION""}","{""ImportId"":""QID13""}","{""ImportId"":""QID12_TEXT""}","{""ImportId"":""QID1""}","{""ImportId"":""QID3""}","{""ImportId"":""QID5""}","{""ImportId"":""QID5_1_TEXT""}","{""ImportId"":""QID6_1""}","{""ImportId"":""QID6_2""}","{""ImportId"":""QID6_3""}","{""ImportId"":""QID6_4""}","{""ImportId"":""QID6_5""}","{""ImportId"":""QID7""}","{""ImportId"":""QID7_1_TEXT""}","{""ImportId"":""PROLIFIC_PID""}"
2023/6/14 7:26,2023/6/14 7:26,Survey Preview,,100,11,TRUE,2023/6/14 7:26,R_1NCIfI77puWTnLG,,,,,22.2908,114.1501,preview,EN,,,,,No,,,,,,,,,,,,,
2023/6/14 7:26,2023/6/14 7:26,Survey Preview,,100,28,TRUE,2023/6/14 7:26,R_2xLyGy7aCTC6v88,,,,,22.2908,114.1501,preview,EN,,,,,Yes,aaaaa,Female,26 - 30,One (please name the language),English,,,,,,No,,
2023/6/14 21:30,2023/6/14 21:32,IP Address,175.159.164.88,100,89,TRUE,2023/6/14 21:32,R_23e2DgvlW43MRxF,,,,,22.2908,114.1501,anonymous,EN,,,,,Yes,afafgegaegqa124154125,Male,18 - 25,One (please name the language),jhfgbjkrg,,,,,,No,,afafgegaegqa124154125
2023/6/14 21:36,2023/6/14 21:37,IP Address,175.159.164.88,100,52,TRUE,2023/6/14 21:37,R_2aE6gMb5tQ7p8ay,,,,,22.2908,114.1501,anonymous,EN,,,,,Yes,6485b22a75f165bf895e645d,Male,18 - 25,One (please name the language),fgjf,,,,,,No,,6485b22a75f165bf895e645d
2023/6/15 4:58,2023/6/15 4:58,IP Address,175.159.164.88,100,5,TRUE,2023/6/15 4:58,R_2v6LLtAShyXPoPD,,,,,22.2908,114.1501,anonymous,EN,,,,,No,,,,,,,,,,,,,6485b22a75f165bf895e645d
2023/6/15 4:58,2023/6/15 4:59,IP Address,175.159.164.88,100,96,TRUE,2023/6/15 4:59,R_2w7aN774TJA6ajw,,,,,22.2908,114.1501,anonymous,EN,,,,,Yes,6485b22a75f165bf895e645d,Male,18 - 25,One (please name the language),Chinese,,,,,,No,,6485b22a75f165bf895e645d
2023/6/15 5:17,2023/6/15 5:17,IP Address,175.159.164.88,100,37,TRUE,2023/6/15 5:17,R_zdtT9cms98FOB2N,,,,,22.2908,114.1501,anonymous,EN,,,,,Yes,6485b22a75f165bf895e645d,Male,18 - 25,One (please name the language),English,,,,,,No,,6485b22a75f165bf895e645d
2023/6/15 23:24,2023/6/15 23:24,IP Address,175.159.179.113,100,19,TRUE,2023/6/15 23:24,R_2CKDLmZ7EQ8QQ1s,,,,,22.2908,114.1501,anonymous,EN,,,,,Yes,648140e7c8f2441198adb4ce,Female,18 - 25,One (please name the language),eng,,,,,,No,,648140e7c8f2441198adb4ce
2023/6/16 1:21,2023/6/16 1:23,IP Address,175.159.164.42,100,122,TRUE,2023/6/16 1:23,R_2YAhHeG0KQtrpPi,,,,,22.2908,114.1501,anonymous,EN,,,,,Yes,6485b22a75f165bf895e645d,Female,18 - 25,More than one,,aasfa,safaf,,,,No,,6485b22a75f165bf895e645d
2023/6/16 2:12,2023/6/16 2:12,IP Address,175.159.164.88,100,17,TRUE,2023/6/16 2:12,R_3psDfykZ5SxheVW,,,,,22.2908,114.1501,anonymous,EN,,,,,Yes,6485b22a75f165bf895e645d,Female,18 - 25,One (please name the language),hsrthrt,,,,,,No,,6485b22a75f165bf895e645d
2023/6/16 2:14,2023/6/16 2:14,IP Address,175.159.164.88,100,13,TRUE,2023/6/16 2:14,R_1odSsWWKTCVADTM,,,,,22.2908,114.1501,anonymous,EN,,,,,Yes,6485b22a75f165bf895e645d,Male,18 - 25,One (please name the language),English,,,,,,No,,6485b22a75f165bf895e645d
2023/6/16 2:27,2023/6/16 2:29,IP Address,82.32.161.226,100,85,TRUE,2023/6/16 2:29,R_1mwmhn91H4dpMRf,,,,,51.3488,-0.0321,anonymous,EN,,,,,Yes,5ea8d68a37c5173456c94f50,Non-binary / third gender,26 - 30,One (please name the language),Cantonese,,,,,,No,,5ea8d68a37c5173456c94f50
2023/6/16 2:32,2023/6/16 2:33,IP Address,92.19.163.116,100,39,TRUE,2023/6/16 2:33,R_3HoEaQw87BRwwiW,,,,,52.6181,-1.1804,anonymous,EN,,,,,Yes,601f15c863401440ef711b68,Female,31 - 40,One (please name the language),english,,,,,,No,,601f15c863401440ef711b68
2023/6/16 2:33,2023/6/16 2:35,IP Address,124.169.150.66,100,142,TRUE,2023/6/16 2:35,R_2q46t7EU7vK5Wkl,,,,,-42.885,147.3343,anonymous,EN,,,,,Yes,5c79cc22f5b67c0012d5b9ed,Female,18 - 25,One (please name the language),English,,,,,,Yes (please list them below),Japanese,5c79cc22f5b67c0012d5b9ed
2023/6/16 2:36,2023/6/16 2:37,IP Address,88.110.87.141,100,60,TRUE,2023/6/16 2:37,R_27HytboPR0rl4Fr,,,,,57.4795,-1.9216,anonymous,EN,,,,,Yes,5b7ffeeb05fbbd00016aa0bc,Female,41 - 50,One (please name the language),English,,,,,,Yes (please list them below),"French, Welsh, Hindi",5b7ffeeb05fbbd00016aa0bc
2023/6/16 2:37,2023/6/16 2:38,IP Address,86.15.232.47,100,55,TRUE,2023/6/16 2:38,R_2QtTcM7CN1fdkrk,,,,,52.9648,-1.2132,anonymous,EN,,,,,Yes,5f30fff39031820144a7b83f,Male,31 - 40,One (please name the language),English,,,,,,Yes (please list them below),french,5f30fff39031820144a7b83f
2023/6/16 2:43,2023/6/16 2:44,IP Address,103.255.26.14,100,57,TRUE,2023/6/16 2:44,R_A5aMV9KZks8TTwt,,,,,-43.885,171.7413,anonymous,EN,,,,,Yes,60977fd69248772da45d3bd3,Female,41 - 50,One (please name the language),English,,,,,,Yes (please list them below),French & Bahasa Indonesian - Beginner level,60977fd69248772da45d3bd3
2023/6/16 2:44,2023/6/16 2:45,IP Address,82.19.2.25,100,43,TRUE,2023/6/16 2:45,R_eVvC7NRd6cVLE1b,,,,,53.7663,-1.5695,anonymous,EN,,,,,Yes,6385d65534631eaaa70c6f33,Male,31 - 40,One (please name the language),English,,,,,,Yes (please list them below),German,6385d65534631eaaa70c6f33
2023/6/16 2:45,2023/6/16 2:46,IP Address,94.15.238.247,100,42,TRUE,2023/6/16 2:46,R_ZsmOIUXIh1uLsDn,,,,,51.1398,-0.1206,anonymous,EN,,,,,Yes,631484e678fa2ffd8550a079,Male,31 - 40,One (please name the language),English,,,,,,Yes (please list them below),"German, French",631484e678fa2ffd8550a079
2023/6/16 2:46,2023/6/16 2:47,IP Address,109.154.29.54,100,55,TRUE,2023/6/16 2:47,R_2QGqIGxgDvdgbE6,,,,,56.109,-3.7485,anonymous,EN,,,,,Yes,5af4cd9c20299700016d1245,Male,31 - 40,One (please name the language),English,,,,,,No,,5af4cd9c20299700016d1245
2023/6/16 2:46,2023/6/16 2:47,IP Address,86.26.254.9,100,76,TRUE,2023/6/16 2:47,R_vIGjDu7ymMY6BEJ,,,,,53.3528,-1.4845,anonymous,EN,,,,,Yes,5fefa78a509c7eb209f4b47e,Male,31 - 40,One (please name the language),English,,,,,,Yes (please list them below),"French, Polish, some Spanish, some German, very little Greek and Italian",5fefa78a509c7eb209f4b47e
2023/6/16 2:53,2023/6/16 2:55,IP Address,94.8.105.214,100,77,TRUE,2023/6/16 2:55,R_2wyIQsaIfMemt7l,,,,,51.5268,-0.187,anonymous,EN,,,,,Yes,5d0792622c41d6000158022e,Female,51 and above,One (please name the language),English,,,,,,Yes (please list them below),French,5d0792622c41d6000158022e
2023/6/16 2:54,2023/6/16 2:55,IP Address,90.204.205.16,100,72,TRUE,2023/6/16 2:55,R_yRfbYWnwGMQI0cV,,,,,53.7644,-1.7336,anonymous,EN,,,,,Yes,5b6d79beb89e90000132c09b,Female,51 and above,One (please name the language),English,,,,,,No,,5b6d79beb89e90000132c09b
2023/6/16 2:43,2023/6/16 2:58,IP Address,46.65.187.156,100,859,TRUE,2023/6/16 2:58,R_2fs3Pi51Pv9uoxv,,,,,53.5553,-0.1191,anonymous,EN,,,,,Yes,5a4e26a8f4c9dc0001b7a1b5,Female,31 - 40,One (please name the language),english,,,,,,Yes (please list them below),irish,5a4e26a8f4c9dc0001b7a1b5
2023/6/16 2:57,2023/6/16 2:58,IP Address,88.104.246.226,100,61,TRUE,2023/6/16 2:58,R_8v0QBaUu2Ztc6JP,,,,,52.25,-0.8833,anonymous,EN,,,,,Yes,5c364ce2ba92810001db13e8,Male,51 and above,One (please name the language),english,,,,,,No,,5c364ce2ba92810001db13e8
2023/6/16 2:57,2023/6/16 2:58,IP Address,118.92.211.116,100,59,TRUE,2023/6/16 2:58,R_pFr39WTuTHKs20p,,,,,-41.2881,174.74,anonymous,EN,,,,,Yes,5ee454ad40c72e152991826e,Male,41 - 50,One (please name the language),English,,,,,,Yes (please list them below),"Spanish, German",5ee454ad40c72e152991826e
2023/6/16 2:58,2023/6/16 3:00,IP Address,88.98.95.111,100,103,TRUE,2023/6/16 3:00,R_3UGcPMCfBg6yw3T,,,,,51.8343,0.9061,anonymous,EN,,,,,Yes,5c069c1566c9ab0001cd8625,Female,41 - 50,One (please name the language),English,,,,,,Yes (please list them below),"French, German, Hebrew",5c069c1566c9ab0001cd8625
2023/6/16 2:38,2023/6/16 3:01,IP Address,82.2.186.164,100,1382,TRUE,2023/6/16 3:01,R_2CwSGVFhNfAceWT,,,,,50.7177,-2.0008,anonymous,EN,,,,,Yes,63e5fdff7b61e61659be8eec,Male,18 - 25,One (please name the language),English,,,,,,No,,63e5fdff7b61e61659be8eec
2023/6/16 3:00,2023/6/16 3:01,IP Address,147.197.100.216,100,49,TRUE,2023/6/16 3:01,R_3rMvi60XitkJciR,,,,,51.7639,-0.2236,anonymous,EN,,,,,Yes,631f2effe49a1006c782c115,Female,26 - 30,More than one,,English,Hindi,Tamil,,,Yes (please list them below),French,631f2effe49a1006c782c115
2023/6/16 3:00,2023/6/16 3:01,IP Address,81.157.218.217,100,35,TRUE,2023/6/16 3:01,R_1kTQuHIKWivG2Q6,,,,,53.2558,-1.4292,anonymous,EN,,,,,Yes,614894e91052a368b434202c,Female,31 - 40,One (please name the language),English,,,,,,Yes (please list them below),German,614894e91052a368b434202c
2023/6/16 3:01,2023/6/16 3:02,IP Address,92.30.172.219,100,27,TRUE,2023/6/16 3:02,R_SCSfMqKRtIa5O49,,,,,53.5866,-2.4354,anonymous,EN,,,,,Yes,5b216d7dc33f820001a2e1ef,Male,31 - 40,One (please name the language),English,,,,,,No,,5b216d7dc33f820001a2e1ef
2023/6/16 3:01,2023/6/16 3:02,IP Address,81.79.188.233,100,59,TRUE,2023/6/16 3:02,R_3nMpwUgCrp5XFM0,,,,,52.6152,-1.6655,anonymous,EN,,,,,Yes,6122b9ffce05d8e56860755a,Female,41 - 50,One (please name the language),English,,,,,,No,,6122b9ffce05d8e56860755a
2023/6/16 3:02,2023/6/16 3:03,IP Address,92.14.137.175,100,35,TRUE,2023/6/16 3:03,R_TbGdCLrcjcoC0Nj,,,,,51.6445,-3.9775,anonymous,EN,,,,,Yes,5b653f0e3662a8000158b83b,Female,31 - 40,One (please name the language),English,,,,,,No,,5b653f0e3662a8000158b83b
2023/6/16 3:01,2023/6/16 3:04,IP Address,176.250.61.36,100,126,TRUE,2023/6/16 3:04,R_cCk7ngCrXUDSE3D,,,,,50.9142,-1.388,anonymous,EN,,,,,Yes,613a8fbbdb47cba39c6c246d,Female,26 - 30,One (please name the language),English,,,,,,Yes (please list them below),german,613a8fbbdb47cba39c6c246d
2023/6/16 3:04,2023/6/16 3:04,IP Address,31.49.151.219,100,33,TRUE,2023/6/16 3:04,R_blQAK9IWZm6EZgd,,,,,53.5541,-1.1302,anonymous,EN,,,,,Yes,587a40cfd22a5800014c5ad1,Female,51 and above,One (please name the language),English,,,,,,No,,587a40cfd22a5800014c5ad1
2023/6/16 3:05,2023/6/16 3:06,IP Address,31.51.242.163,100,38,TRUE,2023/6/16 3:06,R_2e4hRpZ29ydf9ey,,,,,53.6771,-1.9208,anonymous,EN,,,,,Yes,5e08ed25dc265f1e36179f52,Female,31 - 40,One (please name the language),English,,,,,,No,,5e08ed25dc265f1e36179f52
2023/6/16 3:05,2023/6/16 3:07,IP Address,84.71.186.85,100,122,TRUE,2023/6/16 3:07,R_3L0VEdkf1sK4dB9,,,,,51.5591,-0.2283,anonymous,EN,,,,,Yes,5c871ab7de75d4001602869d,Male,51 and above,One (please name the language),English,,,,,,No,,5c871ab7de75d4001602869d
2023/6/16 3:07,2023/6/16 3:09,IP Address,84.70.185.53,100,80,TRUE,2023/6/16 3:09,R_3p4Lj99hqjFw6yi,,,,,51.5329,-0.005,anonymous,EN,,,,,Yes,56b88bf7e1d0a2000b145037,Female,41 - 50,One (please name the language),English,,,,,,Yes (please list them below),Spanish,56b88bf7e1d0a2000b145037
2023/6/16 3:08,2023/6/16 3:09,IP Address,77.102.49.82,100,56,TRUE,2023/6/16 3:09,R_8nTnqbEYq766Cpb,,,,,53.6767,-1.6584,anonymous,EN,,,,,Yes,5ebcb35ca857831117df7c04,Prefer not to say,18 - 25,More than one,,English,Gujrati,,,,Yes (please list them below),Urdu,5ebcb35ca857831117df7c04
2023/6/16 3:06,2023/6/16 3:09,IP Address,51.198.87.116,100,167,TRUE,2023/6/16 3:09,R_2azt0N0iJIS3482,,,,,53.4293,-1.4635,anonymous,EN,,,,,Yes,5e07c976f6191f137214e91f,Female,41 - 50,One (please name the language),English,,,,,,Yes (please list them below),"French, Spanish",5e07c976f6191f137214e91f
2023/6/16 3:09,2023/6/16 3:10,IP Address,165.120.62.25,100,55,TRUE,2023/6/16 3:10,R_umtcEZBDKTKefbb,,,,,51.0564,-2.9322,anonymous,EN,,,,,Yes,5ecd22e76997ec03464c71aa,Male,51 and above,One (please name the language),English,,,,,,Yes (please list them below),French,5ecd22e76997ec03464c71aa
2023/6/16 3:09,2023/6/16 3:10,IP Address,81.78.223.186,100,70,TRUE,2023/6/16 3:10,R_1dzRvpuUMIzDu6y,,,,,51.5571,-0.2972,anonymous,EN,,,,,Yes,5d03d07ff00f5100014d1204,Female,26 - 30,One (please name the language),English,,,,,,No,,5d03d07ff00f5100014d1204
2023/6/16 3:09,2023/6/16 3:10,IP Address,92.23.252.163,100,72,TRUE,2023/6/16 3:10,R_1I4WQAiy0pemGCm,,,,,54.608,-5.965,anonymous,EN,,,,,Yes,5b6dbc7d3c02310001e8eb1f,Female,26 - 30,More than one,,English,Spanish,,,,Yes (please list them below),"German, British Sign Language ",5b6dbc7d3c02310001e8eb1f
2023/6/16 3:10,2023/6/16 3:11,IP Address,122.60.20.139,100,40,TRUE,2023/6/16 3:11,R_2YGr7IjkzwtI16M,,,,,-36.8506,174.7679,anonymous,EN,,,,,Yes,5f61ba7cfdaccd165da6985b,Male,41 - 50,One (please name the language),English,,,,,,Yes (please list them below),Japanese,5f61ba7cfdaccd165da6985b
2023/6/16 3:10,2023/6/16 3:11,IP Address,208.127.43.42,100,44,TRUE,2023/6/16 3:11,R_3Ic3bHgliDALxfl,,,,,51.5095,-0.0955,anonymous,EN,,,,,Yes,57754d57ca706f000190eaf1,Male,31 - 40,More than one,,Chinese,English,,,,No,,57754d57ca706f000190eaf1
2023/6/16 3:10,2023/6/16 3:11,IP Address,94.14.186.133,100,41,TRUE,2023/6/16 3:11,R_1ez4Eb9m8mYGL15,,,,,51.2911,-1.0528,anonymous,EN,,,,,Yes,5d29c671bc573b00165c9014,Male,31 - 40,One (please name the language),English,,,,,,No,,5d29c671bc573b00165c9014
2023/6/16 3:12,2023/6/16 3:12,IP Address,212.219.188.229,100,44,TRUE,2023/6/16 3:12,R_3IVc5cx9GlNd4qt,,,,,53.1674,-0.9994,anonymous,EN,,,,,Yes,59de02265de9b000017ec12e,Female,51 and above,More than one,,English,French,,,,No,,59de02265de9b000017ec12e
2023/6/16 3:12,2023/6/16 3:13,IP Address,81.109.84.108,100,67,TRUE,2023/6/16 3:13,R_1lgCWwUfDgY6t73,,,,,51.7128,-1.2347,anonymous,EN,,,,,Yes,648174282bcdf5119b9105ca,Female,51 and above,One (please name the language),English,,,,,,Yes (please list them below),French,648174282bcdf5119b9105ca
2023/6/16 3:13,2023/6/16 3:14,IP Address,86.183.212.249,100,56,TRUE,2023/6/16 3:14,R_WdFxardRKt1hr0J,,,,,53.327,-1.5427,anonymous,EN,,,,,Yes,60c9b0886e03c28f26d97b19,Female,31 - 40,One (please name the language),English,,,,,,No,,60c9b0886e03c28f26d97b19
2023/6/16 3:11,2023/6/16 3:14,IP Address,96.19.59.5,100,145,TRUE,2023/6/16 3:14,R_uealoGDLgbOVlYJ,,,,,43.6502,-116.4343,anonymous,EN,,,,,Yes,63d14e0eb3f244e8d5f88f48,Male,26 - 30,One (please name the language),English,,,,,,Yes (please list them below),French,63d14e0eb3f244e8d5f88f48
2023/6/16 3:13,2023/6/16 3:14,IP Address,2.27.30.18,100,67,TRUE,2023/6/16 3:14,R_1LkuoMcHF8lGccO,,,,,52.5714,-1.5466,anonymous,EN,,,,,Yes,5ea0627f31802801d5675c08,Male,51 and above,One (please name the language),English,,,,,,Yes (please list them below),German,5ea0627f31802801d5675c08
2023/6/16 3:13,2023/6/16 3:14,IP Address,51.183.224.28,100,69,TRUE,2023/6/16 3:14,R_3h5UJD9kQVRs4f8,,,,,52.4974,-1.9683,anonymous,EN,,,,,Yes,5e37f48dfbcc9d75be926c70,Male,41 - 50,One (please name the language),English,,,,,,Yes (please list them below), Bulgaria,5e37f48dfbcc9d75be926c70
2023/6/16 3:14,2023/6/16 3:14,IP Address,129.12.126.163,100,35,TRUE,2023/6/16 3:14,R_vlwFFR7ZEz6UABX,,,,,51.3065,1.0366,anonymous,EN,,,,,Yes,613cb18edb7eb18d77d8d1e1,Male,18 - 25,One (please name the language),English,,,,,,Yes (please list them below),French,613cb18edb7eb18d77d8d1e1
2023/6/16 3:14,2023/6/16 3:15,IP Address,84.64.114.38,100,11,TRUE,2023/6/16 3:15,R_2P0F7pxkgp0TCO5,,,,,55.8857,-4.151,anonymous,EN,,,,,No,,,,,,,,,,,,,5f5bdef433291039ca812397
2023/6/16 3:14,2023/6/16 3:15,IP Address,146.70.141.241,100,46,TRUE,2023/6/16 3:15,R_qwJYAgAK0WgrYjf,,,,,-33.943,151.181,anonymous,EN,,,,,Yes,5770de783ac68100019d77af,Male,31 - 40,One (please name the language),English,,,,,,No,,5770de783ac68100019d77af
2023/6/16 3:15,2023/6/16 3:15,IP Address,148.252.128.76,100,0,TRUE,2023/6/16 3:15,R_2zVhpB70KxBb9gp,,,,,51.4964,-0.1224,anonymous,EN,,,,,,,,,,,,,,,,,,63dc0471221a1bda86e88fa1
2023/6/16 3:14,2023/6/16 3:15,IP Address,2.217.113.130,100,73,TRUE,2023/6/16 3:15,R_3s4bkrBinm00AWA,,,,,52.4391,-1.5039,anonymous,EN,,,,,Yes,5cc82b9ea8367900164d8775,Female,41 - 50,One (please name the language),english,,,,,,No,,5cc82b9ea8367900164d8775
2023/6/16 3:14,2023/6/16 3:15,IP Address,86.142.163.59,100,98,TRUE,2023/6/16 3:15,R_2ygE2LIxogRzb5x,,,,,52.4867,-1.8989,anonymous,EN,,,,,Yes,5dac7eaa59f37100128372d5,Female,51 and above,One (please name the language),English,,,,,,Yes (please list them below),French  German ,5dac7eaa59f37100128372d5
2023/6/16 3:15,2023/6/16 3:16,IP Address,86.169.75.193,100,29,TRUE,2023/6/16 3:16,R_Re5q2U6GyEewS5j,,,,,51.4932,0.3411,anonymous,EN,,,,,Yes,5cc9c62a55b70600013702d3,Female,18 - 25,One (please name the language),English,,,,,,No,,5cc9c62a55b70600013702d3
2023/6/16 3:15,2023/6/16 3:16,IP Address,31.185.152.204,100,34,TRUE,2023/6/16 3:16,R_5hb3IclRym0c56p,,,,,53.2007,-2.0358,anonymous,EN,,,,,Yes,63e529b9c964037317069e6e,Male,26 - 30,One (please name the language),English,,,,,,Yes (please list them below),French,63e529b9c964037317069e6e
2023/6/16 3:15,2023/6/16 3:16,IP Address,122.151.50.231,100,72,TRUE,2023/6/16 3:16,R_122Y3SmnnL3qsar,,,,,-27.4679,153.0325,anonymous,EN,,,,,Yes,6393da4dd62a68bec4f4661c,Female,26 - 30,One (please name the language),English,,,,,,Yes (please list them below),Greek,6393da4dd62a68bec4f4661c
2023/6/16 3:16,2023/6/16 3:17,IP Address,80.88.206.24,100,49,TRUE,2023/6/16 3:17,R_eRnn2CtevsfcsCd,,,,,52.6609,-2.0079,anonymous,EN,,,,,Yes,5eac3dc896a6242689110c31,Female,18 - 25,One (please name the language),English,,,,,,No,,5eac3dc896a6242689110c31
2023/6/16 3:17,2023/6/16 3:18,IP Address,118.92.8.251,100,45,TRUE,2023/6/16 3:18,R_d6XPyble3PFLlzX,,,,,-36.8506,174.7679,anonymous,EN,,,,,Yes,5d410f4d037fb000173a2832,Male,41 - 50,One (please name the language),english,,,,,,Yes (please list them below),french,5d410f4d037fb000173a2832
2023/6/16 3:17,2023/6/16 3:18,IP Address,2.101.198.100,100,63,TRUE,2023/6/16 3:18,R_2wgiBlWHqIu3F5p,,,,,55.981,-3.377,anonymous,EN,,,,,Yes,606a4f1c6e098bf633fd64db,Female,26 - 30,One (please name the language),English,,,,,,Yes (please list them below),French,606a4f1c6e098bf633fd64db
2023/6/16 3:18,2023/6/16 3:19,IP Address,92.9.33.164,100,52,TRUE,2023/6/16 3:19,R_2xDHaviWKuajP6i,,,,,54.5554,-1.5151,anonymous,EN,,,,,Yes,5a0c036857cee70001767a58,Female,51 and above,One (please name the language),english,,,,,,No,,5a0c036857cee70001767a58
2023/6/16 3:18,2023/6/16 3:19,IP Address,151.229.250.108,100,65,TRUE,2023/6/16 3:19,R_7PTkGqaTxXn7OO5,,,,,52.4182,-1.7792,anonymous,EN,,,,,Yes,644126e69878ddbab7ac17a6,Male,51 and above,One (please name the language),english,,,,,,Yes (please list them below),french,644126e69878ddbab7ac17a6
2023/6/16 3:19,2023/6/16 3:19,IP Address,176.24.99.207,100,26,TRUE,2023/6/16 3:19,R_3kKVQuUA5Njd6Gw,,,,,53.5332,-2.6117,anonymous,EN,,,,,Yes,62e1299fbc5a42cf215cc75d,Male,18 - 25,One (please name the language),English,,,,,,No,,62e1299fbc5a42cf215cc75d
2023/6/16 3:18,2023/6/16 3:19,IP Address,88.105.121.249,100,60,TRUE,2023/6/16 3:19,R_83d1BCccXQBRSw1,,,,,53.2078,-2.9699,anonymous,EN,,,,,Yes,636928ef51cdaf360bebba1e,Male,41 - 50,One (please name the language),English,,,,,,No,,636928ef51cdaf360bebba1e
2023/6/16 3:19,2023/6/16 3:20,IP Address,94.4.69.120,100,52,TRUE,2023/6/16 3:20,R_3EsARjBFRDu3NyE,,,,,56.4806,-2.9358,anonymous,EN,,,,,Yes,6368e3f48413ec73f1962b8a,Male,26 - 30,One (please name the language),,,,,,,Yes (please list them below),Portuguese,6368e3f48413ec73f1962b8a
2023/6/16 3:18,2023/6/16 3:20,IP Address,82.23.16.202,100,115,TRUE,2023/6/16 3:20,R_2afSrHMTrS8Yqj1,,,,,51.4236,-0.0668,anonymous,EN,,,,,Yes,5d7a3650eb5d19000166c3e5,Female,31 - 40,One (please name the language),,,,,,,Yes (please list them below),french,5d7a3650eb5d19000166c3e5
2023/6/16 3:18,2023/6/16 3:20,IP Address,78.144.117.178,100,88,TRUE,2023/6/16 3:20,R_2fl0y2ZnJuZNxiI,,,,,53.7894,-2.5755,anonymous,EN,,,,,Yes,648715fdb64f30d4b59c4736,Male,51 and above,One (please name the language),English,,,,,,Yes (please list them below),Spanish,648715fdb64f30d4b59c4736
2023/6/16 3:19,2023/6/16 3:20,IP Address,203.219.71.34,100,83,TRUE,2023/6/16 3:20,R_31QRLblRrPBrsaw,,,,,-37.8159,144.9669,anonymous,EN,,,,,Yes,5e71ab071b6e9c0d4c356574,Female,51 and above,One (please name the language),English,,,,,,No,,5e71ab071b6e9c0d4c356574
2023/6/16 3:20,2023/6/16 3:21,IP Address,101.185.78.91,100,72,TRUE,2023/6/16 3:21,R_3kd3dPgtpwSMOf8,,,,,-34.9281,138.5999,anonymous,EN,,,,,Yes,5ec2720ae69a920447fa71a4,Female,31 - 40,One (please name the language),English,,,,,,No,,5ec2720ae69a920447fa71a4
2023/6/16 3:22,2023/6/16 3:22,IP Address,86.149.108.112,100,25,TRUE,2023/6/16 3:22,R_28HfHACI1Hw5Bva,,,,,52.6049,-1.6905,anonymous,EN,,,,,Yes,6274a998e30385518fd5b7b6,Male,41 - 50,One (please name the language),english,,,,,,No,,6274a998e30385518fd5b7b6
2023/6/16 3:21,2023/6/16 3:22,IP Address,136.228.224.40,100,51,TRUE,2023/6/16 3:22,R_UE1Diy42rpkXJUR,,,,,53.4809,-2.2374,anonymous,EN,,,,,Yes,603758e41c4468b882a74700,Female,31 - 40,One (please name the language),English,,,,,,Yes (please list them below),"French, german",603758e41c4468b882a74700
2023/6/16 3:21,2023/6/16 3:22,IP Address,86.15.127.221,100,53,TRUE,2023/6/16 3:22,R_2yqrKMOgcV0iI5m,,,,,51.2476,-0.7672,anonymous,EN,,,,,Yes,60575f42c2d3d51a122da250,Male,18 - 25,One (please name the language),English,,,,,,Yes (please list them below),Spanish,60575f42c2d3d51a122da250
2023/6/16 3:22,2023/6/16 3:22,IP Address,86.153.84.237,100,0,TRUE,2023/6/16 3:22,R_3CVIjY8Bxh8hjMq,,,,,52.3842,-2.2224,anonymous,EN,,,,,,,,,,,,,,,,,,6306776595b8bee0efa958a0
2023/6/16 3:22,2023/6/16 3:23,IP Address,92.18.159.45,100,48,TRUE,2023/6/16 3:23,R_6nhrHxrAI43kCk1,,,,,53.5815,-2.1778,anonymous,EN,,,,,Yes,63beebaa4c5884797ff00a98,Female,51 and above,One (please name the language),English,,,,,,No,,63beebaa4c5884797ff00a98
2023/6/16 3:22,2023/6/16 3:23,IP Address,99.243.233.23,100,55,TRUE,2023/6/16 3:23,R_3npKdihJZJQvgJF,,,,,42.9591,-81.2322,anonymous,EN,,,,,Yes,5aa8ebf089de8200013f8c48,Male,31 - 40,One (please name the language),English,,,,,,No,,5aa8ebf089de8200013f8c48
2023/6/16 3:22,2023/6/16 3:23,IP Address,86.155.1.98,100,34,TRUE,2023/6/16 3:23,R_dhAjugAnmoG4pvr,,,,,51.4203,-0.1175,anonymous,EN,,,,,Yes,5ba44c47e671c6000123b4f3,Male,18 - 25,More than one,,English,Romanian,,,,No,,5ba44c47e671c6000123b4f3
2023/6/16 3:22,2023/6/16 3:23,IP Address,90.213.209.29,100,67,TRUE,2023/6/16 3:23,R_Bt7FN8pdaiZvsmB,,,,,54.5396,-5.975,anonymous,EN,,,,,Yes,5a9e9fc46219a30001f54994,Male,51 and above,One (please name the language),English,,,,,,No,,5a9e9fc46219a30001f54994
2023/6/16 3:24,2023/6/16 3:24,IP Address,82.33.187.36,100,0,TRUE,2023/6/16 3:24,R_2Ug9ZiZkDZoYRJ3,,,,,53.5382,-1.0585,anonymous,EN,,,,,,,,,,,,,,,,,,614618f3146cc85f803c4e69
2023/6/16 3:23,2023/6/16 3:24,IP Address,86.15.222.121,100,39,TRUE,2023/6/16 3:24,R_9N7mfdk5xfXAJyx,,,,,53.4467,-2.225,anonymous,EN,,,,,Yes,5ef0a10e3867d33b6bb063bc,Male,51 and above,One (please name the language),English,,,,,,No,,5ef0a10e3867d33b6bb063bc
2023/6/16 3:23,2023/6/16 3:24,IP Address,165.225.197.28,100,61,TRUE,2023/6/16 3:24,R_12SIzHGgDoKwgJY,,,,,53.4734,-2.3142,anonymous,EN,,,,,Yes,5bd2e5ee1f1b080001bf2f99,Male,51 and above,One (please name the language),English,,,,,,No,,5bd2e5ee1f1b080001bf2f99
2023/6/16 3:23,2023/6/16 3:24,IP Address,82.69.117.230,100,42,TRUE,2023/6/16 3:24,R_2rV1YKMCYGMBLk7,,,,,51.451,-0.0463,anonymous,EN,,,,,Yes,5788c16f275be600013590a8,Female,41 - 50,One (please name the language),English,,,,,,Yes (please list them below),"French, German",5788c16f275be600013590a8
2023/6/16 3:24,2023/6/16 3:24,IP Address,161.65.240.209,100,34,TRUE,2023/6/16 3:24,R_2rlwhvHmMtpUnMM,,,,,-43.4954,172.6242,anonymous,EN,,,,,Yes,5d7de72016b0a00001c36af3,Female,26 - 30,One (please name the language),English,,,,,,No,,5d7de72016b0a00001c36af3
2023/6/16 3:25,2023/6/16 3:25,IP Address,61.245.150.24,100,31,TRUE,2023/6/16 3:25,R_125OiCeSn1njuht,,,,,-34.9281,138.5999,anonymous,EN,,,,,Yes,644033d42bdd7e1f439f4d64,Female,26 - 30,One (please name the language),English,,,,,,No,,644033d42bdd7e1f439f4d64
2023/6/16 3:25,2023/6/16 3:26,IP Address,77.103.29.1,100,36,TRUE,2023/6/16 3:26,R_2YCZqpiRGfnxf4B,,,,,55.95,-3.9833,anonymous,EN,,,,,Yes,62d136262c6a9f949e50eb59,Male,26 - 30,One (please name the language),,,,,,,No,,62d136262c6a9f949e50eb59
2023/6/16 3:25,2023/6/16 3:26,IP Address,86.164.165.135,100,63,TRUE,2023/6/16 3:26,R_2qlwIJUgj4g2qJV,,,,,52.5665,-1.8159,anonymous,EN,,,,,Yes,5b704c7f4ee52200010f68b0,Female,51 and above,One (please name the language),English,,,,,,No,,5b704c7f4ee52200010f68b0
2023/6/16 3:25,2023/6/16 3:26,IP Address,5.151.123.81,100,63,TRUE,2023/6/16 3:26,R_1NfdzgBjjxUCcxG,,,,,51.5095,-0.0955,anonymous,EN,,,,,Yes,60d9f1f5e766b5f3eb00a7c4,Female,26 - 30,More than one,,English,French,,,,Yes (please list them below),German,60d9f1f5e766b5f3eb00a7c4
2023/6/16 3:24,2023/6/16 3:26,IP Address,146.90.135.148,100,101,TRUE,2023/6/16 3:26,R_22VyhxWyPD5bLKg,,,,,51.4703,-3.2811,anonymous,EN,,,,,Yes,63f6262642c9fc5e3c002287,Female,41 - 50,One (please name the language),English,,,,,,Yes (please list them below),French,63f6262642c9fc5e3c002287
2023/6/16 3:24,2023/6/16 3:26,IP Address,31.185.183.185,100,107,TRUE,2023/6/16 3:26,R_6VHCr91rogMNzkB,,,,,53.1636,-2.8164,anonymous,EN,,,,,Yes,6049d7608658370634ee2419,Female,51 and above,One (please name the language),english,,,,,,No,,6049d7608658370634ee2419
2023/6/16 3:25,2023/6/16 3:26,IP Address,195.213.233.138,100,78,TRUE,2023/6/16 3:26,R_s58ft7YfN5c0r0R,,,,,51.2604,-1.0825,anonymous,EN,,,,,Yes,611b750d4bb9b61a0400fd61,Male,31 - 40,One (please name the language),English,,,,,,No,,611b750d4bb9b61a0400fd61
2023/6/16 3:26,2023/6/16 3:27,IP Address,144.82.255.58,100,26,TRUE,2023/6/16 3:27,R_2QQXnhL3UrCwx5H,,,,,51.413,0.1194,anonymous,EN,,,,,Yes,5dd6280e238a915cda514060,Female,26 - 30,More than one,,English,French,,,,No,,5dd6280e238a915cda514060
2023/6/16 3:25,2023/6/16 3:27,IP Address,103.241.36.153,100,106,TRUE,2023/6/16 3:27,R_1prRnx9PMvNTR7N,,,,,-36.8017,174.7533,anonymous,EN,,,,,Yes,59609bdb599b690001ef2c59,Male,51 and above,One (please name the language),Emglish,,,,,,Yes (please list them below),"Ordfinary Level French, over 55 years ago",59609bdb599b690001ef2c59
2023/6/16 3:25,2023/6/16 3:27,IP Address,49.196.235.174,100,79,TRUE,2023/6/16 3:27,R_1PY489Rnw4csUi7,,,,,-31.9307,115.8398,anonymous,EN,,,,,Yes,63d73625a0528cd8c9f001d6,Male,51 and above,One (please name the language),English,,,,,,Yes (please list them below),Japanese Thai,63d73625a0528cd8c9f001d6
2023/6/16 3:26,2023/6/16 3:27,IP Address,74.138.132.11,100,62,TRUE,2023/6/16 3:27,R_302jCIh8e23PPVb,,,,,38.2539,-85.76,anonymous,EN,,,,,Yes,5e363914b3f2835e3ae5cc62,Female,31 - 40,One (please name the language),English,,,,,,No,,5e363914b3f2835e3ae5cc62
2023/6/16 3:27,2023/6/16 3:27,IP Address,220.245.160.97,100,41,TRUE,2023/6/16 3:27,R_28UrRJpntjybgMi,,,,,-37.8159,144.9669,anonymous,EN,,,,,Yes,64747a8c5534905fb3f93e39,Male,26 - 30,One (please name the language),English,,,,,,No,,64747a8c5534905fb3f93e39
2023/6/16 3:27,2023/6/16 3:28,IP Address,148.252.133.10,100,72,TRUE,2023/6/16 3:28,R_1Ca8Gsx2f4r8aW5,,,,,55.9552,-3.2,anonymous,EN,,,,,Yes,5d2b11ac3a260c001af2d338,Male,51 and above,One (please name the language),English,,,,,,No,,5d2b11ac3a260c001af2d338
2023/6/16 3:25,2023/6/16 3:28,IP Address,86.138.71.215,100,197,TRUE,2023/6/16 3:28,R_OD9pHeDkPBOCoJH,,,,,51.5844,-3.2123,anonymous,EN,,,,,Yes,6136001fcd0e07e6f5f66bc1,Female,18 - 25,One (please name the language),english,,,,,,Yes (please list them below),welsh,6136001fcd0e07e6f5f66bc1
2023/6/16 3:29,2023/6/16 3:29,IP Address,185.69.144.147,100,0,TRUE,2023/6/16 3:29,R_Y4BmWFOLs7R6AOl,,,,,51.4964,-0.1224,anonymous,EN,,,,,,,,,,,,,,,,,,604e3748363a7cd1b3e91b42
2023/6/16 3:28,2023/6/16 3:29,IP Address,86.160.228.155,100,70,TRUE,2023/6/16 3:29,R_22ujS0SWYiZmayF,,,,,53.6836,-1.9323,anonymous,EN,,,,,Yes,6235d96c087939dba5586d97,Male,51 and above,One (please name the language),English,,,,,,No,,6235d96c087939dba5586d97
2023/6/16 3:28,2023/6/16 3:29,IP Address,163.116.165.115,100,46,TRUE,2023/6/16 3:29,R_2xVNEKqv241eHYO,,,,,53.5058,-2.2209,anonymous,EN,,,,,Yes,63d3fada47de3a294210f997,Female,31 - 40,One (please name the language),English,,,,,,No,,63d3fada47de3a294210f997
2023/6/16 3:28,2023/6/16 3:29,IP Address,2.102.114.79,100,58,TRUE,2023/6/16 3:29,R_2U8Z4d6BbKIbZJD,,,,,52.9538,-1.1571,anonymous,EN,,,,,Yes,5b8a709614e8c6000104eafa,Male,51 and above,One (please name the language),English,,,,,,No,,5b8a709614e8c6000104eafa
2023/6/16 3:28,2023/6/16 3:29,IP Address,5.64.252.91,100,73,TRUE,2023/6/16 3:29,R_BKgGKFmUJRHCEMx,,,,,52.0045,-0.7823,anonymous,EN,,,,,Yes,60d1c82e42c14a1bfe66293c,Female,31 - 40,One (please name the language),English,,,,,,No,,60d1c82e42c14a1bfe66293c
2023/6/16 3:28,2023/6/16 3:30,IP Address,150.143.63.202,100,133,TRUE,2023/6/16 3:30,R_2tgvDL8kLZ5AAdk,,,,,51.4964,-0.1224,anonymous,EN,,,,,Yes,5d5320870c2a6a0001cc6c7a,Female,41 - 50,One (please name the language),English,,,,,,No,,5d5320870c2a6a0001cc6c7a
2023/6/16 3:28,2023/6/16 3:30,IP Address,86.151.217.193,100,89,TRUE,2023/6/16 3:30,R_6QikWbB5r8xhGJH,,,,,52.2322,1.0792,anonymous,EN,,,,,Yes,5e3d2ab94aebac111b5f6cd2,Male,51 and above,More than one,,English,French,,,,No,,5e3d2ab94aebac111b5f6cd2
2023/6/16 3:29,2023/6/16 3:30,IP Address,217.36.228.123,100,40,TRUE,2023/6/16 3:30,R_2SD1p4XPpr2OjLh,,,,,51.4327,-0.1693,anonymous,EN,,,,,Yes,6149a2480ec7bd14c9fe92a5,Female,31 - 40,One (please name the language),English,,,,,,No,,6149a2480ec7bd14c9fe92a5
2023/6/16 3:29,2023/6/16 3:30,IP Address,81.107.159.25,100,56,TRUE,2023/6/16 3:30,R_27a18kEtnaxKBXV,,,,,55.805,-4.2899,anonymous,EN,,,,,Yes,59e675a6c0d35a00012951ce,Female,41 - 50,One (please name the language),English,,,,,,No,,59e675a6c0d35a00012951ce
2023/6/16 3:27,2023/6/16 3:30,IP Address,82.6.194.177,100,194,TRUE,2023/6/16 3:30,R_31o1fMpkylvfXbk,,,,,53.7881,-1.6008,anonymous,EN,,,,,Yes,563e35190980220011572d9a,Female,26 - 30,One (please name the language),English,,,,,,No,,563e35190980220011572d9a
2023/6/16 3:29,2023/6/16 3:30,IP Address,81.131.188.20,100,78,TRUE,2023/6/16 3:30,R_brOQ79D6rl1d8LT,,,,,51.5131,-3.1588,anonymous,EN,,,,,Yes,5b61d0768de04c000171cf1b,Non-binary / third gender,31 - 40,One (please name the language),English,,,,,,Yes (please list them below),"German, Portugeuse",5b61d0768de04c000171cf1b
2023/6/16 3:28,2023/6/16 3:31,IP Address,2.221.92.133,100,128,TRUE,2023/6/16 3:31,R_2uOkY6y9WqsHjxb,,,,,53.6537,-1.7208,anonymous,EN,,,,,Yes,5ac1f7750527ba0001c1f4a3,Female,31 - 40,More than one,,English,Urdu,Punjabi,French,,No,,5ac1f7750527ba0001c1f4a3
2023/6/16 3:32,2023/6/16 3:33,IP Address,2.126.44.63,100,48,TRUE,2023/6/16 3:33,R_2rpvtBcIjYqhzR6,,,,,51.462,0.1046,anonymous,EN,,,,,Yes,5e37280e334b216bade0226a,Female,26 - 30,One (please name the language),English,,,,,,No,,5e37280e334b216bade0226a
2023/6/16 3:34,2023/6/16 3:34,IP Address,60.240.19.142,100,39,TRUE,2023/6/16 3:34,R_3qlde9DcEv7lW7B,,,,,-37.8411,144.9799,anonymous,EN,,,,,Yes,6394001067969f8eeb01fc37,Male,18 - 25,One (please name the language),english,,,,,,No,,6394001067969f8eeb01fc37
2023/6/16 3:33,2023/6/16 3:35,IP Address,2.221.92.133,100,113,TRUE,2023/6/16 3:35,R_3JfqOAHil464iIi,,,,,53.6537,-1.7208,anonymous,EN,,,,,Yes,5ac1f7750527ba0001c1f4a3,Female,31 - 40,More than one,,english,urdu,punjabi,french,,No,,5ac1f7750527ba0001c1f4a3
2023/6/16 3:33,2023/6/16 3:37,IP Address,90.208.96.229,100,222,TRUE,2023/6/16 3:37,R_2X1aRMsifzYRhTl,,,,,51.2604,-1.0825,anonymous,EN,,,,,Yes,6483067eac0b642c6b07e120,Female,41 - 50,More than one,,English,Urdu,,,,No,,6483067eac0b642c6b07e120
2023/6/16 3:36,2023/6/16 3:38,Spam,2.221.92.133,100,139,TRUE,2023/6/16 3:38,R_0vPiP24ewBvQ1Al,,,,,53.6537,-1.7208,anonymous,EN,,,,,Yes,5ac1f7750527ba0001c1f4a3,Female,31 - 40,More than one,,english,urdu,punjabi,french,,No,,5ac1f7750527ba0001c1f4a3
2023/6/16 3:40,2023/6/16 3:41,Spam,90.208.96.229,100,61,TRUE,2023/6/16 3:41,R_3IawrHIDs1VN2gN,,,,,51.2604,-1.0825,anonymous,EN,,,,,Yes,6483067eac0b642c6b07e120,Female,41 - 50,More than one,,English,Urdu,,,,No,,6483067eac0b642c6b07e120
2023/6/16 3:42,2023/6/16 3:43,IP Address,90.214.198.67,100,51,TRUE,2023/6/16 3:43,R_3ey71J8n5o3nXIB,,,,,51.1398,-0.1206,anonymous,EN,,,,,Yes,57a2319b4d107800016ddccc,Female,31 - 40,One (please name the language),English,,,,,,No,,57a2319b4d107800016ddccc
2023/6/16 3:43,2023/6/16 3:44,IP Address,77.99.163.150,100,61,TRUE,2023/6/16 3:44,R_3JKwqKq7qR7jsMk,,,,,51.4226,-2.7662,anonymous,EN,,,,,Yes,5e3a9e0dfbce8a296258c297,Female,41 - 50,One (please name the language),English,,,,,,Yes (please list them below),"Russian, French, German & Latin",5e3a9e0dfbce8a296258c297
2023/6/16 4:00,2023/6/16 4:01,IP Address,81.107.37.97,100,59,TRUE,2023/6/16 4:01,R_rqJhjzEPEJIqaTT,,,,,53.4367,-2.9652,anonymous,EN,,,,,Yes,62b39c0ea0a9909088d4270f,Female,41 - 50,More than one,,English,Spanish,,,,Yes (please list them below),"French, Italian",62b39c0ea0a9909088d4270f
2023/6/16 3:29,2023/6/16 4:15,IP Address,92.237.12.253,100,2755,TRUE,2023/6/16 4:15,R_3is3bl20Db6VA9P,,,,,56.3254,-3.3457,anonymous,EN,,,,,Yes,5c345ebad4f77a0001a91ec0,Male,51 and above,One (please name the language),,,,,,,No,,5c345ebad4f77a0001a91ec0
2023/6/16 4:15,2023/6/16 4:16,IP Address,147.161.237.22,100,42,TRUE,2023/6/16 4:16,R_1Nx39fsylxojnsV,,,,,53.5058,-2.2209,anonymous,EN,,,,,Yes,6294c51269b6383081b77312,Female,41 - 50,One (please name the language),English,,,,,,Yes (please list them below),French,6294c51269b6383081b77312
2023/6/16 4:16,2023/6/16 4:17,IP Address,82.132.216.66,100,63,TRUE,2023/6/16 4:17,R_RztVccjrkntBtEl,,,,,51.4964,-0.1224,anonymous,EN,,,,,Yes,609cd482af38301896f8a663,Male,31 - 40,One (please name the language),English,,,,,,Yes (please list them below),French,609cd482af38301896f8a663
2023/6/16 4:26,2023/6/16 4:27,IP Address,176.253.236.176,100,65,TRUE,2023/6/16 4:27,R_2uUI0XNLOgRI3QY,,,,,55.8995,-3.5237,anonymous,EN,,,,,Yes,5c895c66f76b260001681aeb,Female,18 - 25,More than one,,Urdu,Hindi,,,,Yes (please list them below),"Indonesian, Turkish, Arabic, Malaysian, Romanian",5c895c66f76b260001681aeb
2023/6/16 4:27,2023/6/16 4:28,IP Address,92.25.236.175,100,76,TRUE,2023/6/16 4:28,R_yJVq9dqqNhZoVyN,,,,,53.3896,-2.2801,anonymous,EN,,,,,Yes,5acd63a20527ba0001c28078,Male,51 and above,One (please name the language),English,,,,,,Yes (please list them below),spanish,5acd63a20527ba0001c28078
2023/6/16 4:30,2023/6/16 4:32,IP Address,90.206.199.58,100,122,TRUE,2023/6/16 4:32,R_2WwpHtFLoYwUw1Z,,,,,53.4558,-1.5023,anonymous,EN,,,,,Yes,5eb12f8510e0ce205e7b25c7,Female,31 - 40,One (please name the language),English,,,,,,No,,5eb12f8510e0ce205e7b25c7
2023/6/16 3:26,2023/6/16 4:33,IP Address,90.209.228.70,100,3968,TRUE,2023/6/16 4:33,R_pozrrenQxCCFNO9,,,,,55.894,-3.3128,anonymous,EN,,,,,Yes,5eeb82d58931bf2ed5204572,Female,51 and above,One (please name the language),English,,,,,,Yes (please list them below),Italian,5eeb82d58931bf2ed5204572
2023/6/16 4:33,2023/6/16 4:33,Spam,90.206.199.58,100,27,TRUE,2023/6/16 4:33,R_1di5BkYJr3TaCKZ,,,,,53.4558,-1.5023,anonymous,EN,,,,,Yes,5eb12f8510e0ce205e7b25c7,Female,31 - 40,One (please name the language),English,,,,,,No,,5eb12f8510e0ce205e7b25c7
2023/6/16 4:34,2023/6/16 4:34,Spam,90.206.199.58,100,21,TRUE,2023/6/16 4:34,R_2QtXR2IWzSrGcvF,,,,,53.4558,-1.5023,anonymous,EN,,,,,Yes,5eb12f8510e0ce205e7b25c7,Female,31 - 40,One (please name the language),English,,,,,,No,,5eb12f8510e0ce205e7b25c7
2023/6/16 4:34,2023/6/16 4:35,IP Address,193.113.48.9,100,41,TRUE,2023/6/16 4:35,R_22xFHD4RphjtB0X,,,,,51.4964,-0.1224,anonymous,EN,,,,,Yes,63e5665b49cf3cdbd54ea57b,Female,51 and above,One (please name the language),English,,,,,,No,,63e5665b49cf3cdbd54ea57b
2023/6/16 4:35,2023/6/16 4:36,IP Address,86.188.59.50,100,47,TRUE,2023/6/16 4:36,R_10IdVwRUkEb24Zw,,,,,52.2265,-2.2246,anonymous,EN,,,,,Yes,63d1551a5ce4007134556954,Male,31 - 40,One (please name the language),English,,,,,,No,,63d1551a5ce4007134556954
2023/6/16 4:35,2023/6/16 4:36,IP Address,109.155.19.13,100,67,TRUE,2023/6/16 4:36,R_C7B1uVkUQ32rGc9,,,,,51.5708,-0.1033,anonymous,EN,,,,,Yes,5eac351c63858608351866b4,Male,41 - 50,More than one,,English,Spanish,,,,No,,5eac351c63858608351866b4
2023/6/16 4:37,2023/6/16 4:37,Spam,109.155.19.13,100,25,TRUE,2023/6/16 4:37,R_1djjxw6GMfSBI81,,,,,51.5708,-0.1033,anonymous,EN,,,,,Yes,5eac351c63858608351866b4,Male,41 - 50,More than one,,English,Spanish,,,,No,,5eac351c63858608351866b4
2023/6/16 4:40,2023/6/16 4:41,IP Address,86.5.214.207,100,59,TRUE,2023/6/16 4:41,R_WrjflcHeSQ0HiLL,,,,,53.4344,-2.2664,anonymous,EN,,,,,Yes,60ce2b232de6361586396297,Female,18 - 25,One (please name the language),english,,,,,,Yes (please list them below),french,60ce2b232de6361586396297
2023/6/16 4:40,2023/6/16 4:41,IP Address,86.184.97.35,100,55,TRUE,2023/6/16 4:41,R_28UKv1BS0WAp3in,,,,,51.9059,0.4683,anonymous,EN,,,,,Yes,6329c13285c93cafdf51ed77,Male,41 - 50,One (please name the language),English,,,,,,Yes (please list them below),German,6329c13285c93cafdf51ed77
2023/6/16 4:42,2023/6/16 4:43,IP Address,176.250.89.175,100,30,TRUE,2023/6/16 4:43,R_2Cw6zfumZL23Vu6,,,,,50.8246,-1.3738,anonymous,EN,,,,,Yes,5fecdbad0b1a449e3288b07b,Male,18 - 25,One (please name the language),english,,,,,,No,,5fecdbad0b1a449e3288b07b
2023/6/16 4:43,2023/6/16 4:44,IP Address,88.97.107.226,100,61,TRUE,2023/6/16 4:44,R_3qCdyIDwf36Hrcs,,,,,53.3524,-2.5483,anonymous,EN,,,,,Yes,5dcff490b043890effa91b55,Female,51 and above,One (please name the language),English,,,,,,Yes (please list them below),"Italian, Welsh",5dcff490b043890effa91b55
2023/6/16 4:45,2023/6/16 4:45,IP Address,92.4.138.185,100,31,TRUE,2023/6/16 4:45,R_BRKiMnER02cTXu9,,,,,53.7573,-2.7236,anonymous,EN,,,,,Yes,62712d1c0b71829386d60eb4,Male,31 - 40,One (please name the language),English,,,,,,No,,62712d1c0b71829386d60eb4
2023/6/16 4:45,2023/6/16 4:46,IP Address,86.13.90.153,100,44,TRUE,2023/6/16 4:46,R_2Ttm0FdlydOL49v,,,,,53.2558,-1.4292,anonymous,EN,,,,,Yes,5c0430c71a20110001e9b05a,Female,41 - 50,One (please name the language),english,,,,,,Yes (please list them below),"german, spanish",5c0430c71a20110001e9b05a
2023/6/16 4:46,2023/6/16 4:46,IP Address,86.13.90.153,100,22,TRUE,2023/6/16 4:46,R_1pW4fiUK0nnsSp8,,,,,53.2558,-1.4292,anonymous,EN,,,,,Yes,5c0430c71a20110001e9b05a,Female,41 - 50,One (please name the language),english,,,,,,No,,5c0430c71a20110001e9b05a
2023/6/16 4:45,2023/6/16 4:46,IP Address,92.40.169.152,100,90,TRUE,2023/6/16 4:46,R_1K3xPqo5ZIfVJHo,,,,,51.5113,-0.2714,anonymous,EN,,,,,Yes,5c0cb29e1b80df00017843d2,Female,31 - 40,More than one,,English ,Hindi,Konkani,,,Yes (please list them below),Portuguese ,5c0cb29e1b80df00017843d2
2023/6/16 4:46,2023/6/16 4:47,IP Address,86.9.69.42,100,65,TRUE,2023/6/16 4:47,R_1nVhs0rS2qGyu6J,,,,,53.7894,-2.5755,anonymous,EN,,,,,Yes,6321decd01d759ccbe3a26b3,Male,41 - 50,More than one,,English,Gujrati,,,,Yes (please list them below),Urdu,6321decd01d759ccbe3a26b3
2023/6/16 4:47,2023/6/16 4:47,Spam,86.13.90.153,100,20,TRUE,2023/6/16 4:47,R_vih4pTMpULD9mKZ,,,,,53.2558,-1.4292,anonymous,EN,,,,,Yes,5c0430c71a20110001e9b05a,Female,41 - 50,One (please name the language),english,,,,,,No,,5c0430c71a20110001e9b05a
2023/6/16 4:47,2023/6/16 4:48,Spam,86.9.69.42,100,47,TRUE,2023/6/16 4:48,R_2VvVMACHxOsV7h5,,,,,53.7894,-2.5755,anonymous,EN,,,,,Yes,6321decd01d759ccbe3a26b3,Male,41 - 50,More than one,,English,Gujrati,,,,Yes (please list them below),Urdu,6321decd01d759ccbe3a26b3
2023/6/16 4:47,2023/6/16 4:48,IP Address,92.24.26.238,100,61,TRUE,2023/6/16 4:48,R_80mXl2uig1vIvn3,,,,,52.579,-1.8295,anonymous,EN,,,,,Yes,5e2db13181b0be3a4e0156a9,Prefer not to say,26 - 30,One (please name the language),english,,,,,,No,,5e2db13181b0be3a4e0156a9
2023/6/16 4:49,2023/6/16 4:50,Spam,92.24.26.238,100,21,TRUE,2023/6/16 4:50,R_3PiUHqYed0DwyD5,,,,,52.579,-1.8295,anonymous,EN,,,,,Yes,5e2db13181b0be3a4e0156a9,Prefer not to say,26 - 30,One (please name the language),english,,,,,,No,,5e2db13181b0be3a4e0156a9
2023/6/16 4:50,2023/6/16 4:50,IP Address,90.197.66.191,100,0,TRUE,2023/6/16 4:50,R_sU0FKGZjFQuVfAR,,,,,52.9538,-1.1571,anonymous,EN,,,,,,,,,,,,,,,,,,60d88215cb2f2655d0e4c663
2023/6/16 4:49,2023/6/16 4:50,IP Address,86.135.125.240,100,57,TRUE,2023/6/16 4:50,R_2ZKeFJLiKGDYPsW,,,,,51.5466,-0.1232,anonymous,EN,,,,,Yes,5eea9efc609f0d1ad38199bd,Female,51 and above,One (please name the language),English ,,,,,,No,,5eea9efc609f0d1ad38199bd
2023/6/16 4:51,2023/6/16 4:51,Spam,86.135.125.240,100,19,TRUE,2023/6/16 4:51,R_1qV6pavkFbNJzYY,,,,,51.5466,-0.1232,anonymous,EN,,,,,Yes,5eea9efc609f0d1ad38199bd,Female,51 and above,One (please name the language),English ,,,,,,No,,5eea9efc609f0d1ad38199bd
2023/6/16 4:57,2023/6/16 4:58,IP Address,92.40.169.153,100,74,TRUE,2023/6/16 4:58,R_12R4OwRDkRdzYut,,,,,51.5113,-0.2714,anonymous,EN,,,,,Yes,5c0cb29e1b80df00017843d2,Female,31 - 40,More than one,,English,Konkani,Hindi,,,Yes (please list them below),Portuguese,5c0cb29e1b80df00017843d2
2023/6/16 4:52,2023/6/16 4:58,IP Address,51.146.91.184,100,361,TRUE,2023/6/16 4:58,R_2P4IRlzIfDVEIyf,,,,,53.5249,-2.1189,anonymous,EN,,,,,Yes,5c50efd2cc71f4000125ce0d,Female,41 - 50,One (please name the language),English,,,,,,No,,5c50efd2cc71f4000125ce0d
2023/6/16 4:58,2023/6/16 4:59,IP Address,92.40.169.152,100,41,TRUE,2023/6/16 4:59,R_2bID1Izp2KkObHN,,,,,51.5113,-0.2714,anonymous,EN,,,,,Yes,5c0cb29e1b80df00017843d2,Female,31 - 40,One (please name the language),,,,,,,Yes (please list them below),konkani,5c0cb29e1b80df00017843d2
2023/6/16 4:58,2023/6/16 5:00,IP Address,82.132.247.33,100,91,TRUE,2023/6/16 5:00,R_Z92XBuBTkkokaD7,,,,,52.519,-1.9094,anonymous,EN,,,,,Yes,5eefd6b37da4d24c8af3bcbc,Female,31 - 40,One (please name the language),English,,,,,,Yes (please list them below),English,5eefd6b37da4d24c8af3bcbc
2023/6/16 5:00,2023/6/16 5:01,IP Address,86.13.172.124,100,75,TRUE,2023/6/16 5:01,R_2aLfV5jQvHtahvX,,,,,51.6674,-0.3847,anonymous,EN,,,,,Yes,5d0e091ccd9c9300191cb9c9,Female,31 - 40,One (please name the language),English,,,,,,Yes (please list them below),Spanish,5d0e091ccd9c9300191cb9c9
2023/6/16 5:02,2023/6/16 5:03,IP Address,31.94.37.240,100,41,TRUE,2023/6/16 5:03,R_2wMillIH2IOCMTc,,,,,51.4831,-0.1646,anonymous,EN,,,,,Yes,60fd274decb79fba37f2e72e,Female,18 - 25,One (please name the language),English,,,,,,No,,60fd274decb79fba37f2e72e
2023/6/16 5:02,2023/6/16 5:03,IP Address,152.78.104.33,100,46,TRUE,2023/6/16 5:03,R_AbQj0WufCoSGOzL,,,,,50.9158,-1.3601,anonymous,EN,,,,,Yes,63d2b22da2bc79f659e4a4a7,Male,31 - 40,One (please name the language),English,,,,,,No,,63d2b22da2bc79f659e4a4a7
2023/6/16 5:03,2023/6/16 5:04,Spam,31.94.37.240,100,16,TRUE,2023/6/16 5:04,R_3nDB23DLqKiLqKP,,,,,51.4831,-0.1646,anonymous,EN,,,,,Yes,60fd274decb79fba37f2e72e,Female,18 - 25,One (please name the language),English,,,,,,No,,60fd274decb79fba37f2e72e
2023/6/16 5:03,2023/6/16 5:04,Spam,152.78.104.33,100,18,TRUE,2023/6/16 5:04,R_1llPbSPCukMeOPm,,,,,50.9158,-1.3601,anonymous,EN,,,,,Yes,63d2b22da2bc79f659e4a4a7,Male,31 - 40,One (please name the language),English,,,,,,No,,63d2b22da2bc79f659e4a4a7
2023/6/16 5:04,2023/6/16 5:05,Spam,152.78.104.33,100,17,TRUE,2023/6/16 5:05,R_3sdHAsb97a1LIff,,,,,50.9158,-1.3601,anonymous,EN,,,,,Yes,63d2b22da2bc79f659e4a4a7,Male,31 - 40,One (please name the language),English,,,,,,No,,63d2b22da2bc79f659e4a4a7
2023/6/16 5:05,2023/6/16 5:05,Spam,152.78.104.33,100,19,TRUE,2023/6/16 5:05,R_2din0xZRogCl6u2,,,,,50.9158,-1.3601,anonymous,EN,,,,,Yes,63d2b22da2bc79f659e4a4a7,Male,31 - 40,One (please name the language),English,,,,,,No,,63d2b22da2bc79f659e4a4a7
2023/6/16 6:55,2023/6/16 6:55,IP Address,217.155.44.102,100,36,TRUE,2023/6/16 6:55,R_1N2Cpd565pEhi3p,,,,,53.4159,-2.1843,anonymous,EN,,,,,Yes,5ffcd1eacfbe9e161495d884,Male,41 - 50,One (please name the language),English,,,,,,No,,5ffcd1eacfbe9e161495d884
2023/6/16 6:55,2023/6/16 6:55,IP Address,176.253.145.179,100,33,TRUE,2023/6/16 6:55,R_1dmABE0NFCYnXiJ,,,,,53.3861,-1.4065,anonymous,EN,,,,,Yes,5e625e452a6dce000bf8f7a7,Female,18 - 25,One (please name the language),English,,,,,,No,,5e625e452a6dce000bf8f7a7
2023/6/16 6:55,2023/6/16 6:56,IP Address,90.254.0.153,100,49,TRUE,2023/6/16 6:56,R_aVhn49302TsTLcR,,,,,51.3304,-0.268,anonymous,EN,,,,,Yes,5f9b1807e2ed9e2ebd0fdf73,Male,18 - 25,One (please name the language),English,,,,,,No,,5f9b1807e2ed9e2ebd0fdf73
2023/6/16 6:55,2023/6/16 6:56,IP Address,146.198.184.222,100,79,TRUE,2023/6/16 6:56,R_3078lhBiacoimr6,,,,,53.8547,-2.164,anonymous,EN,,,,,Yes,611578fe8cbea39bf4928b6d,Male,51 and above,One (please name the language),English,,,,,,No,,611578fe8cbea39bf4928b6d
2023/6/16 6:55,2023/6/16 6:57,IP Address,90.201.106.52,100,125,TRUE,2023/6/16 6:57,R_ehsQJr8l0NxOKVr,,,,,54.6,-1.55,anonymous,EN,,,,,Yes,63ebd39a63bb79b50d438ab7,Male,26 - 30,One (please name the language),English,,,,,,Yes (please list them below),"French, German",63ebd39a63bb79b50d438ab7
2023/6/16 6:55,2023/6/16 6:57,IP Address,31.94.2.98,100,142,TRUE,2023/6/16 6:57,R_6VF460KLE44thIZ,,,,,51.4964,-0.1224,anonymous,EN,,,,,Yes,63dcf52406a122c6bdcd054c,Male,51 and above,One (please name the language),English,,,,,,No,,63dcf52406a122c6bdcd054c
2023/6/16 7:11,2023/6/16 7:11,IP Address,46.64.215.53,100,38,TRUE,2023/6/16 7:11,R_TvaTh6wOy8mBkXL,,,,,51.6247,-0.7447,anonymous,EN,,,,,Yes,61fa936e5719bc09cb834cbe,Female,26 - 30,More than one,,English,Spanish,,,,No,,61fa936e5719bc09cb834cbe
